Date,trial,condition,Jump,toad,avg_dElbExt,ElbExt_td,time_ElbExt_to,time_ElbExt_td,avg_dhLER_to,max_dhLER_to,dhLER_to,t_HLflexes,avg_belt_vel,takeoff_vel,jump_dist,Plant_act_dur_to,Anc_ON_HLliftOff,Anc_act_dur_air,Crash
January 20 2020_A,Rmar01_ExLight,pre,1,1,544.3952943,99.36262469,-0.03,-0.2,0.718566189,3.383606231,0.219965315,0.34,0.103154057,0.681634941,0.187033608,,,,0
January 20 2020_A,Rmar01_ExLight,pre,2,1,115.7847065,79.87456882,0.09,-0.04,0.142657785,2.397708467,-2.418941703,0.32,0.146173755,0.718952284,0.148422817,,,,0
January 20 2020_A,Rmar01_ExLight,pre,3,1,464.6924754,68.68355662,0.1,-0.05,0.52362391,3.005125069,-0.683156382,0.32,0.161737098,0.796535963,0.143402762,,,,0
January 20 2020_A,Rmar01_ExLight,pre,4,1,575.0463864,91.34834921,-0.05,-0.18,0.405367923,2.354605165,-0.940493148,0.29,0.10643523,0.734570247,0.171873988,,,,0
January 20 2020_A,Rmar01_ExLight,pre,5,1,57.19581988,74.78682702,0.09,-0.04,0.454953909,2.374239135,-3.106719528,0.34,0.102731917,0.768473665,0.169376644,,,,0
January 20 2020_A,Rmar01_ExLight,pre,6,1,176.4893679,75.4542306,0.11,-0.04,0.361435287,2.360080922,-0.715973941,0.32,0.092893515,0.923883198,0.164426538,,,,0
January 20 2020_A,Rmar01_ExLight,pre,7,1,125.8880801,97.44771208,0.16,-0.01,0.847206664,3.556964986,-1.406589532,0.35,0.085519804,0.773416747,0.197239631,,,,0
January 20 2020_A,Rmar01_ExLight,pre,8,1,207.2955574,93.43836918,0.17,-0.01,0.958309338,3.876464214,-1.575364737,0.14,0.095070779,0.875840492,0.223725011,,,,0
January 20 2020_A,Rmar01_ExLight,pre,9,1,255.8450065,58.23230881,0.1,-0.02,0.340766514,2.722466799,-4.130701568,0.34,0.089219856,0.764540254,0.146428787,,,,0
January 20 2020_A,Rmar01,pre,1,1,489.4454686,63.31078896,0.08,-0.03,0.007919079,2.300395216,-2.902909584,0.28,0.111081457,0.833746293,0.113579568,,,,0
January 20 2020_A,Rmar01,pre,2,1,420.6949796,78.60347973,0.11,-0.01,0.150949825,2.927761355,-0.071512582,0.26,0.114625249,0.932045083,0.157594816,,,,0
January 20 2020_A,Rmar01,pre,3,1,424.7219744,76.02644016,0.1,-0.01,1.029534838,5.040355115,4.431514431,0.17,0.141248164,1.037090059,0.176419736,,,,0
January 20 2020_A,Rmar01,pre,4,1,484.6376211,69.76723628,0.11,-0.01,-0.20233816,2.477972032,-1.356912203,0.31,0.122886327,0.848850415,0.152558252,,,,0
January 20 2020_A,Rmar01,pre,5,1,671.5390741,64.47660565,-0.03,-0.14,0.509540555,3.327458122,-0.782626433,0.26,0.160860294,0.743363063,0.144555467,,,,0
January 20 2020_A,Rmar01,pre,6,1,605.6587418,48.94294557,0.1,-0.02,0.569310572,3.164469666,0.831006819,0.25,0.146953907,0.796187951,0.121640759,,,,0
January 20 2020_A,Rmar01,pre,7,1,230.8799267,60.15485654,0,-0.12,1.036692329,4.357300437,0.869165553,0.17,0.165587906,0.765643608,0.096937365,,,,0
January 20 2020_A,Rmar01,pre,8,1,171.0468412,49.67061072,0.08,-0.01,1.508719664,4.919904891,-0.767856421,0.16,0.17775759,0.892780674,0.149414547,,,,0
January 20 2020_A,Rmar01,pre,9,1,347.2014555,57.23238992,-0.01,-0.09,0.321756733,2.36637535,2.36637535,0.03,0.125420287,0.55517555,0.066366564,,,,0
January 20 2020_A,Rmar01,pre,10,1,85.71914624,50.36823923,0.08,-0.04,-0.218471586,0.860984204,-1.74965596,0.24,0.154927154,0.578311278,0.055026877,,,,0
January 20 2020_A,Rmar01,pre,11,1,450.4175278,47.73082014,-0.01,-0.15,0.933475332,3.763244749,-2.185928432,0.37,0.126661108,0.902282728,0.126142689,,,,0
January 20 2020_A,Rmar01,pre,12,1,321.7812643,69.90155682,0.12,-0.01,0.212213915,2.693670544,-3.230859591,0.33,0.108888235,1.087982537,0.212571584,,,,0
January 20 2020_A,Rmar01,pre,13,1,79.07674435,48.13857551,0.08,-0.03,0.16963429,2.385702531,-3.416266718,0.32,0.118560279,0.347437063,0.052101886,,,,0
January 20 2020_A,Rmar01,pre,14,1,699.8529571,57.46951567,0.12,-0.03,0.15895615,0.941652899,-1.220489326,0.45,0.076534914,0.594097973,0.097980479,,,,0
January 20 2020_A,Rmar01,pre,15,1,433.8893194,70.19105651,0.09,-0.02,-0.214990964,0.463956261,-0.309621181,0.33,0.087794325,0.499713879,0.057653721,,,,0
January 20 2020_A,Rmar01,pre,16,1,365.8897676,69.02336176,0.12,-0.04,-0.040950903,1.700865976,-0.83866013,0.29,0.124937436,0.753359648,0.143027123,,,,0
January 20 2020_A,Rmar01,pre,17,1,190.5371418,84.73782065,0.06,-0.03,-0.067782316,1.830755375,-1.867664137,0.28,0.146578354,0.973677816,0.174409549,,,,0
January 20 2020_A,Rmar01,pre,18,1,296.2540065,78.09932885,0.14,-0.01,0.00316296,1.359415313,0.60603037,0.28,0.124986505,0.586635532,0.119786152,,,,0
January 20 2020_A,Rmar01,pre,19,1,336.0814248,63.14276407,0.1,-0.02,0.369518736,2.039100272,-2.046377505,0.36,0.111126613,0.77234498,0.18768461,,,,0
January 20 2020_A,Rmar01,pre,20,1,100.0211209,89.79978619,0.08,-0.02,-0.248445206,1.061547118,-1.15524311,0.22,0.089341806,0.771037047,0.145487676,,,,0
January 20 2020_A,Rmar01,pre,21,1,308.261308,71.15109657,0.09,-0.03,0.085358016,1.740103791,-1.81829897,0.3,0.0927423,0.689778127,0.130542169,,,,0
January 20 2020_A,Rmar01,pre,22,1,293.7539349,55.21024014,0.05,-0.06,-0.218514222,1.154307061,-0.389662082,0.2,0.129181348,0.773995715,0.086576431,,,,0
January 20 2020_A,Rmar01,pre,23,1,571.5062384,65.33124942,0.11,-0.02,0.075338057,3.516757841,-1.591598696,0.32,0.114954751,0.959823207,0.17516987,,,,0
January 20 2020_A,Rmar02,pre,1,2,309.2408382,57.52479219,0.05,-0.01,-0.417730952,0.751758777,-1.823142476,0.15,0.116472778,0.538229283,0.058882395,,,,0
January 20 2020_A,Rmar02,pre,2,2,336.3358652,69.46870755,0.05,-0.03,-0.356914121,1.832048405,-1.800362793,0.16,0.099096404,0.684799551,0.094211314,,,,0
January 20 2020_A,Rmar02,pre,3,2,80.49268358,74.59519967,0.06,-0.02,-0.267461216,1.984484931,-2.387034972,0.16,0.115704819,0.511852524,0.10470075,,,,0
January 20 2020_A,Rmar02,pre,4,2,287.4302938,68.01512637,0.07,-0.06,0.304449784,2.170114464,-1.062809466,0.31,0.123866695,0.69043199,0.094772066,,,,0
January 20 2020_A,Rmar02,pre,5,2,941.2647446,82.14794203,0.08,-0.02,0.217901913,3.017150906,-2.490150635,0.19,0.102302847,0.706763622,0.084653704,,,,0
January 20 2020_A,Rmar02,pre,6,2,632.4163971,77.4314475,0.07,-0.02,0.252269145,2.782384531,-3.089799806,0.19,0.113857458,0.721764591,0.129903588,,,,0
January 20 2020_A,Rmar02,pre,7,2,775.7161859,57.02560548,0.07,-0.01,0.80065164,4.631751057,-5.656399299,0.2,0.095681255,0.640330032,0.111399802,,,,0
January 20 2020_A,Rmar02,pre,8,2,301.5509757,51.42254727,-0.07,-0.14,0.184846062,7.721797173,7.721797173,0.21,0.069671006,1.005253947,0.021732034,,,,1
January 20 2020_A,Rmar02,pre,9,2,356.3637047,80.5921537,0.08,-0.01,0.100165492,2.898930896,-3.253655371,0.27,0.085470086,0.6355723,0.106776036,,,,0
January 20 2020_A,Rmar02,pre,10,2,168.036839,74.86086377,0.04,-0.04,-0.415540896,0.669170058,-1.630863612,0.2,0.075370393,0.68631709,0.076651398,,,,0
January 20 2020_A,Rmar02,pre,11,2,201.3180506,83.38304257,0.09,-0.01,0.50774096,4.438495668,-3.086152214,0.18,0.11213376,0.764156178,0.153376638,,,,0
January 20 2020_A,Rmar02,pre,12,2,1077.729328,84.66055236,0.06,-0.01,-0.012343643,2.562691899,-4.144187967,0.19,0.107499652,0.74131667,0.125171587,,,,0
January 20 2020_A,Rmar02,pre,13,2,394.2464291,78.40554516,0.08,-0.01,0.580362107,3.309025355,-4.229408985,0.19,0.080071914,0.818978132,0.144289258,,,,0
January 20 2020_A,Rmar02,pre,14,2,729.2005224,69.10010371,0.08,-0.01,0.936645752,3.834644805,0.610231753,0.22,0.112823098,0.90116721,0.138515884,,,,0
January 20 2020_A,Rmar02,pre,15,2,322.4778937,66.85838194,0.05,-0.05,0.302225786,3.435250501,-2.012539083,0.17,0.123800441,0.720843941,0.105473457,,,,0
January 20 2020_A,Rmar02,pre,16,2,675.7846831,106.9702297,0.08,-0.01,0.130343571,4.097554171,-4.718352221,0.19,0.120993633,0.713994259,0.136156267,,,,0
January 20 2020_A,Rmar03,pre,1,3,234.2501764,62.41926969,0.08,-0.01,-0.536720751,0.657851517,-2.342059629,0.15,0.09819394,0.987700661,0.096447844,,,,0
January 20 2020_A,Rmar03,pre,2,3,240.7058915,62.98914387,0.05,-0.04,-0.367387233,0.910757113,0.097045176,0.05,0.076130916,0.568578351,0.070016218,,,,0
January 20 2020_A,Rmar03,pre,3,3,174.1924831,83.95831318,0.07,-0.03,-0.443097103,0.815333473,-0.258552609,0.22,0.095045883,0.707696879,0.112799135,,,,0
January 20 2020_A,Rmar03,pre,4,3,396.7797824,55.02526219,0.05,-0.06,-0.529647658,0.69840867,-0.789455449,0.2,0.10720436,0.739379535,0.087788854,,,,0
January 20 2020_A,Rmar03,pre,5,3,297.1989265,70.65033219,0.09,-0.01,-0.290515133,0.744239905,-1.669266033,0.14,0.066560663,0.628330447,0.072176913,,,,0
January 20 2020_A,Rmar03,pre,6,3,284.0533282,85.57067483,0.13,-0.01,0.546702859,3.611970243,1.719671446,0.3,0.082221227,1.043447988,0.166511569,,,,0
January 20 2020_A,Rmar03,pre,7,3,61.76853993,67.85123521,0.09,-0.01,-0.396023313,2.542495022,-1.462528394,0.27,0.100173067,0.83855425,0.098947199,,,,0
January 20 2020_A,Rmar03,pre,8,3,414.9052753,38.99534568,0.08,-0.01,-0.013049459,2.226955486,-3.339425508,0.17,0.126324938,0.357218368,0.087180836,,,,0
January 20 2020_A,Rmar03,pre,9,3,602.9732059,79.28621126,-0.01,-0.14,-0.400345541,1.127026766,-1.596406759,0.1,0.099022969,0.775916233,0.116194715,,,,0
January 20 2020_A,Rmar03,pre,10,3,423.7839727,80.88818867,0.14,-0.01,-0.295784895,1.348864336,-1.00497855,0.38,0.105475332,0.698577303,0.091153227,,,,0
January 20 2020_A,Rmar03,pre,11,3,320.7822333,70.30631409,0.12,-0.01,1.097424109,4.381344921,-2.145555904,0.27,0.13122913,1.034746285,0.140754541,,,,0
January 20 2020_A,Rmar03,pre,12,3,325.3097734,65.32353672,0.08,-0.05,0.795668448,2.694531528,-1.44289707,0.29,0.121439076,0.623702707,0.078230328,,,,0
January 20 2020_A,Rmar03,pre,13,3,216.5327703,57.20277455,0.1,-0.01,1.635695394,6.209413792,0.00435178,0.2,0.082898688,0.819382735,0.162959993,,,,0
January 20 2020_A,Rmar03,pre,14,3,334.3189754,68.15666091,0.1,-0.06,-0.095261868,1.377083704,-2.382217086,0.34,0.10250382,0.562425944,0.102336499,,,,0
January 20 2020_A,Rmar03,pre,15,3,174.8826301,78.42473627,0.13,-0.03,1.210557916,3.74897722,-1.911714512,0.31,0.07236222,0.802256553,0.176441659,,,,0
January 20 2020_A,Rmar03,pre,16,3,103.2837634,76.09657522,0.12,-0.02,0.251509703,1.755813068,-1.834675235,0.15,0.127217061,0.785801539,0.158744569,,,,0
January 20 2020_A,Rmar03,pre,17,3,406.6156452,83.95843172,0.1,-0.02,0.192866322,1.009867559,-0.387558135,0.32,0.115334967,0.454046721,0.078683009,,,,0
January 20 2020_A,Rmar04,pre,1,4,756.6239635,67.57413251,0.08,-0.01,-0.17629307,0.706818404,-0.900131143,0.22,0.086943737,0.543371369,0.103818124,,,,0
January 20 2020_A,Rmar04,pre,2,4,234.8175678,62.44841546,0.1,-0.09,-0.009631492,0.776318213,-0.279088118,0.39,0.141146933,0.567554624,0.080165897,,,,0
January 20 2020_A,Rmar04,pre,3,4,366.9940824,94.06860592,0.08,-0.01,0.212498867,2.692933436,0.16294176,0.22,0.090673322,0.688802175,0.146727926,,,,0
January 20 2020_A,Rmar04,pre,4,4,213.909791,77.00474171,0,-0.15,0.329086259,2.471094186,0.74698578,0.35,0.117691391,0.69687777,0.07733671,,,,1
January 20 2020_A,Rmar04,pre,5,4,634.7850673,78.57559174,0.08,-0.02,0.715093337,3.605993775,-0.230421929,0.2,0.096129,0.89338072,0.150925325,,,,0
January 20 2020_A,Rmar04,pre,6,4,305.9260224,84.98605085,0.01,-0.06,-0.115644745,1.250533468,1.250533468,0.39,0.106530911,0.156610067,0.02281583,,,,0
January 20 2020_A,Rmar04,pre,7,4,387.9308758,83.9038208,0.07,-0.05,-0.190881617,1.703084641,-1.309635227,0.2,0.138946735,0.617584051,0.098941768,,,,0
January 20 2020_A,Rmar04,pre,8,4,1174.017225,95.71127841,0.05,-0.04,0.571833419,2.519964516,1.297207281,0.24,0.149712452,0.700109998,0.112657091,,,,0
January 20 2020_A,Rmar04,pre,9,4,118.3138674,80.91180611,0.1,-0.07,-0.067481574,1.421674023,-0.379528561,0.4,0.118608407,0.724848972,0.107060375,,,,0
January 20 2020_A,Rmar04,pre,10,4,354.225496,104.7726519,0.1,-0.03,0.610206321,4.108351678,-0.484566971,0.23,0.150738088,0.731948122,0.156669902,,,,0
January 20 2020_A,Rmar04,pre,11,4,259.2874414,59.93790551,-0.06,-0.2,-0.080421293,1.221932588,-0.129935989,0.36,0.129984237,0.393100278,0.073238003,,,,0
January 20 2020_A,Rmar04,pre,12,4,367.759912,66.8732232,0.07,-0.09,0.534491846,2.257570712,-1.058846439,0.38,0.129115178,0.60264939,0.08535927,,,,0
January 20 2020_A,Rmar04,pre,13,4,589.7707743,84.55563974,0.09,-0.04,0.697511372,3.588369014,0.494139861,0.23,0.114646379,0.709578536,0.095573842,,,,0
January 20 2020_A,Rmar04,pre,14,4,93.36323207,44.23923791,-0.04,-0.15,1.026388043,4.103597272,-3.495960136,0.26,0.121433708,0.875587002,0.129226706,,,,0
January 20 2020_A,Rmar04,pre,15,4,617.5538702,49.41067225,0.05,-0.02,-0.153388586,0.221666118,-1.278089876,0.36,0.116842413,0.090534693,0.051619016,,,,0
January 20 2020_A,Rmar04,pre,16,4,278.1664561,71.74874031,-0.03,-0.17,1.233918152,4.468266884,-1.427005386,0.36,0.148052358,0.717442874,0.086749891,,,,1
January 20 2020_A,Rmar04,pre,17,4,54.33965687,75.5617658,-0.05,-0.2,0.386880515,2.195558839,0.57687973,0.3,0.140920111,0.634101883,0.096224319,,,,1
January 20 2020_A,Rmar04,pre,18,4,144.6938944,71.85122214,-0.03,-0.14,0.448358612,2.326996103,1.487054146,0.32,0.104322809,0.732396609,0.101139471,,,,1
January 20 2020_A,Rmar04,pre,19,4,485.9826623,71.67695254,0.03,-0.02,0.421842941,2.37420669,0.347987596,0.37,0.135248484,0.319198868,0.1152776,,,,0
January 20 2020_A,Rmar04,pre,20,4,180.842099,73.37707909,-0.09,-0.2,0.561903968,2.48798161,-0.026571096,0.32,0.124468924,0.554888415,0.10151942,,,,1
January 20 2020_A,Rmar04,pre,21,4,18.95103046,68.8311609,0.07,-0.06,0.398592821,2.58705462,-1.521833483,0.31,0.071267759,0.492364734,0.111764837,,,,0
January 20 2020_A,Rmar04,pre,22,4,181.3397975,59.3182632,0.05,-0.03,0.248228717,2.08291055,-1.136664784,0.36,0.12224818,0.113262067,0.085082997,,,,0
January 20 2020_A,Rmar04,pre,23,4,220.9163308,62.63180569,0.07,-0.03,0.385288255,2.025945911,1.573914211,0.4,0.121043842,0.308310726,0.063035879,,,,1
January 20 2020_A,Rmar04,pre,24,4,1128.718177,68.69030717,NaN,-0.03,NaN,NaN,NaN,0.14,0.084701487,NaN,0.069481362,,,,1
January 20 2020_A,Rmar04,pre,25,4,114.2890732,73.31210166,0.08,-0.05,-0.206735611,0.661728849,-0.648542829,0.1,0.104278907,0.325518769,0.058370144,,,,1
January 20 2020_A,Rmar04,pre,26,4,326.0649701,90.83197911,0,-0.04,1.033761035,3.246003965,2.927980242,0.38,0.113134075,0.542608987,0.023830727,,,,1
January 20 2020_A,Rmar04,pre,27,4,484.1844068,53.99300244,NaN,-0.03,NaN,NaN,NaN,0.07,0.100191904,NaN,0.069111474,,,,1
January 20 2020_A,Rmar04,pre,28,4,338.0214915,79.78184205,NaN,-0.01,0.302774959,4.214549765,4.214549765,0.02,0.115238189,NaN,0.041112386,,,,1
January 20 2020_A,Rmar04,pre,29,4,195.0397882,57.4852355,NaN,-0.14,NaN,NaN,NaN,0.08,0.036343544,NaN,0.052990835,,,,1
January 20 2020_A,Rmar05,pre,1,5,404.86905,68.55894279,-0.07,-0.16,-0.146621318,0.948099804,-0.570995043,0.19,0.090179296,0.593769593,0.09751122,,,,0
January 20 2020_A,Rmar05,pre,2,5,6.920385096,88.43728857,0.09,-0.01,0.820534516,4.581934592,1.01981432,0.19,0.126396525,1.135425379,0.18331547,,,,0
January 20 2020_A,Rmar05,pre,3,5,435.3660701,79.7107722,-0.06,-0.16,0.30152832,2.592146862,-0.482516333,0.17,0.099097236,0.602307492,0.111098047,,,,0
January 20 2020_A,Rmar05,pre,4,5,205.0413054,62.49598655,0.06,-0.05,0.105870596,1.797617046,-1.176141237,0.28,0.110005747,0.570956103,0.086734168,,,,0
January 20 2020_A,Rmar05,pre,5,5,487.7891807,81.25262675,0.1,-0.04,0.420896171,1.551791991,-0.651674064,0.31,0.12257177,0.658170306,0.111532086,,,,0
January 20 2020_A,Rmar05,pre,6,5,628.0296042,107.5727332,-0.05,-0.18,0.942851485,4.796354459,-0.946990473,0.31,0.11153424,0.897200615,0.206446504,,,,0
January 20 2020_A,Rmar05,pre,7,5,581.2895624,81.58388882,0.07,-0.06,0.361011121,2.383677388,-1.122456286,0.2,0.113936649,0.684793646,0.103837214,,,,0
January 20 2020_A,Rmar05,pre,8,5,540.1645966,86.80694726,0.1,-0.05,0.173522607,1.519053317,-0.419070751,0.34,0.084644292,0.651931122,0.078639625,,,,0
January 20 2020_A,Rmar05,pre,9,5,129.491597,90.71902791,0.11,-0.04,0.389939421,2.263549955,-1.793422452,0.37,0.07677559,0.709020104,0.132676544,,,,0
January 20 2020_A,Rmar05,pre,10,5,128.6417564,82.81559637,0.14,-0.04,1.000637672,2.558152505,-1.670072691,0.36,0.074064742,0.604324296,0.115895014,,,,0
January 20 2020_A,Rmar05,pre,11,5,353.7413183,86.61790897,0.1,-0.04,0.352318229,1.790780273,-1.095862543,0.31,0.103303223,0.649560173,0.118812049,,,,0
January 20 2020_A,Rmar05,pre,12,5,512.0316144,80.54901237,0.09,-0.06,0.065690394,1.682829953,-0.696800825,0.35,0.111187144,0.594573345,0.113496647,,,,0
January 20 2020_A,Rmar05,pre,13,5,737.2098962,108.5782086,0,-0.13,1.240941442,4.284866819,0.423751067,0.26,0.126550584,0.702322859,0.162360159,,,,0
January 20 2020_A,Rmar05,pre,14,5,265.148158,88.53699022,0.08,-0.05,0.342798503,2.510849672,-1.104921174,0.32,0.115612727,0.548763718,0.097293389,,,,0
January 20 2020_A,Rmar05,pre,15,5,170.2604367,73.54906465,-0.09,-0.27,0.050087476,2.1197524,-0.269797497,0.36,0.110055867,0.766865017,0.112538652,,,,1
January 20 2020_A,Rmar05,pre,16,5,463.7252868,75.07394305,0.09,-0.05,-0.001281063,1.915785092,-0.836207639,0.32,0.102595551,0.683515584,0.107777383,,,,0
January 20 2020_A,Rmar05,pre,17,5,53.84588775,82.96072241,0.1,-0.03,0.229973052,1.803518296,-0.850886635,0.31,0.119888833,0.578840178,0.11100524,,,,0
January 20 2020_A,Rmar05,pre,18,5,429.3577702,81.15400793,0.08,-0.05,-0.028582346,1.709071449,-1.599323766,0.33,0.087945542,0.558472143,0.093911445,,,,0
January 20 2020_A,Rmar05,pre,19,5,571.4296611,82.28220112,0.09,-0.05,0.188697749,2.000926876,-0.635628452,0.34,0.11468912,0.618235082,0.106670232,,,,0
January 20 2020_A,Rmar05,pre,20,5,194.4591721,71.66658253,0.06,-0.08,0.240640988,2.449584884,-1.348517176,0.34,0.08569782,0.687484225,0.11685657,,,,0
January 20 2020_A,Rmar05,pre,21,5,237.1759244,83.27165992,0.08,-0.05,-0.180736766,1.059506562,-1.343055985,0.19,0.128314522,0.509969821,0.113195703,,,,0
January 20 2020_A,Rmar05,pre,22,5,337.0969193,93.43652972,0.1,-0.05,0.51820159,3.339843907,-0.748292778,0.34,0.121336585,0.647756011,0.119697517,,,,0
January 20 2020_A,Rmar05,pre,23,5,412.2604823,85.44080711,0.08,-0.06,0.1094074,1.663190523,-1.250681497,0.21,0.10305346,0.579857932,0.107526368,,,,0
January 20 2020_A,Rmar05,pre,24,5,401.8118402,84.35064471,0.09,-0.06,0.341729451,2.333609542,-0.896223848,0.36,0.140679472,0.591498535,0.115002251,,,,0
January 20 2020_A,Rmar05,pre,25,5,484.4500368,94.32060318,0.1,-0.07,0.359969167,2.339425133,-0.879931429,0.35,0.141008019,0.770703126,0.14689286,,,,0
January 20 2020_A,Rmar05,pre,26,5,6.897644058,93.62727771,0.11,-0.02,0.015981491,1.450683621,-1.278958447,0.21,0.104420217,0.581969691,0.116578132,,,,0
January 20 2020_A,Rmar05,pre,27,5,259.4654071,99.89945288,0.11,-0.04,0.654755445,3.282334595,-1.412934604,0.36,0.120700684,0.693522475,0.133096609,,,,0
January 20 2020_A,Rmar05,pre,28,5,352.3341013,94.28079025,0.1,-0.05,0.405351974,2.58964141,-1.359590722,0.36,0.106723859,0.648487752,0.118546155,,,,0
January 20 2020_A,Rmar05,pre,29,5,323.9546787,107.1628588,0.17,-0.02,0.433570692,2.963516049,0.098724126,0.41,0.090827421,0.962880864,0.228431104,,,,0
January 20 2020_A,Rmar05,pre,30,5,335.8732487,81.49229443,0.08,-0.08,0.17026253,1.665744418,-0.636466406,0.36,0.116482275,0.613762789,0.106432129,,,,0
January 20 2020_A,Rmar05,pre,31,5,201.1770306,82.70298016,0.1,-0.04,-0.088946531,1.170640271,0.168813706,0.35,0.10146695,0.615718477,0.114625967,,,,0
January 20 2020_A,Rmar05,pre,32,5,479.5971476,89.35884874,0.09,-0.04,0.051889585,1.816871372,0.058790547,0.31,0.120850397,0.690294635,0.123052071,,,,0
January 20 2020_A,Rmar05,pre,33,5,385.2177426,84.10665369,0.09,-0.03,0.287015355,1.658074884,-1.413467606,0.2,0.119406319,0.584919003,0.11368681,,,,0
January 20 2020_A,Rmar05,pre,34,5,410.7161092,105.3235561,0.13,-0.04,0.526813249,2.516658351,-0.337158379,0.35,0.12226948,0.709905738,0.144592157,,,,0
January 20 2020_A,Rmar06,pre,1,6,9.967082653,41.74839488,0.04,-0.01,1.315319506,4.118725873,0.754641918,0.17,0.09781795,0.721720412,0.081848214,,,,0
January 20 2020_A,Rmar06,pre,2,6,614.9557197,37.37316184,-0.02,-0.06,0.294542734,2.995083526,-3.014895763,0.22,0.136948868,0.427567455,0.102226652,,,,0
January 20 2020_A,Rmar06,pre,3,6,359.5828043,45.18581844,-0.03,-0.07,0.221785399,2.062802724,-1.891272716,0.23,0.14047611,0.513625895,0.102213549,,,,0
January 20 2020_A,Rmar06,pre,4,6,521.2556678,48.07578746,-0.04,-0.08,0.282260307,1.817013169,-1.267239444,0.2,0.136331795,0.630126224,0.095042293,,,,0
January 20 2020_A,Rmar06,pre,5,6,287.5271806,39.54147888,-0.01,-0.07,0.608095713,2.931530306,-1.512007344,0.2,0.153306392,0.593439832,0.101631776,,,,0
January 20 2020_A,Rmar06,pre,6,6,407.5652322,41.70585482,-0.05,-0.1,0.396094356,2.614634423,-2.003309348,0.24,0.125875193,0.478810036,0.104727617,,,,0
January 20 2020_A,Rmar06,pre,7,6,49.78584845,34.58674951,0.03,-0.01,0.496570658,3.774836485,-1.516915373,0.21,0.130555356,0.603083187,0.101024853,,,,0
January 20 2020_A,Rmar06,pre,8,6,286.5453352,33.69486438,0.06,-0.01,0.159780419,2.542583178,-2.262873175,0.17,0.138588924,0.625763904,0.103030528,,,,0
January 20 2020_A,Rmar06,pre,9,6,213.9384655,28.39985971,0.05,-0.01,0.217063948,2.513639811,-3.023388357,0.23,0.140384742,0.564962674,0.11008802,,,,0
January 20 2020_A,Rmar06,pre,10,6,840.48414,34.9953629,0.07,-0.01,0.093154389,2.316756479,-0.376088584,0.21,0.137430542,0.656247415,0.108131073,,,,0
January 20 2020_A,Rmar06,pre,11,6,493.6637807,30.25897142,0.06,-0.01,0.305102852,2.499368985,-2.065096177,0.18,0.115354462,0.657780141,0.106329728,,,,0
January 20 2020_A,Rmar06,pre,12,6,546.6174972,38.96387172,0.07,-0.01,0.036361289,2.160298161,-0.492079395,0.19,0.163911221,0.689393836,0.105722499,,,,0
January 20 2020_A,Rmar06,pre,13,6,495.7537815,59.35809692,0.08,-0.01,0.419432451,2.626358808,0.542739258,0.22,0.125590787,0.893267696,0.133195467,,,,0
January 20 2020_A,Rmar06,pre,14,6,348.4652874,39.75050232,0.06,-0.01,0.008358046,1.663477278,-0.694685572,0.2,0.127267478,0.689906414,0.10506929,,,,0
January 20 2020_A,Rmar06,pre,15,6,399.218569,36.21497146,0.07,-0.08,-0.323611998,1.037405829,-1.31348361,0.33,0.13363881,0.743893183,0.095142139,,,,0
January 20 2020_A,Rmar06,pre,16,6,256.631034,58.25004464,0.06,-0.05,-0.084306694,1.569677453,-1.801510276,0.21,0.107594941,0.670807966,0.112465123,,,,0
January 20 2020_A,Rmar06,pre,17,6,215.6161274,63.35728958,0.03,-0.03,-0.444769067,0.317260281,0.317260281,0.01,0.150453461,0.458886355,0.064637879,,,,0
January 20 2020_A,Rmar06,pre,18,6,486.4667244,63.63597107,0.05,-0.04,0.267264091,1.787693557,-0.636711126,0.22,0.129204766,0.701996952,0.119381954,,,,0
January 20 2020_A,Rmar06,pre,19,6,378.8630249,47.85735116,0.07,-0.04,0.239585066,3.028958476,-1.846986604,0.18,0.085745707,0.736486426,0.111626305,,,,0
January 20 2020_A,Rmar06,pre,20,6,400.4459032,52.7031475,-0.08,-0.15,-0.275193388,2.121939617,-1.039101967,0.2,0.117818164,0.734881036,0.104687129,,,,0
January 20 2020_A,Rmar08_2ndTrial,pre,1,8,44.82580797,23.96957463,-0.01,-0.04,NaN,NaN,NaN,NaN,0.117776442,NaN,0.030568629,,,,1
January 20 2020_A,Rmar08_2ndTrial,pre,2,8,115.7632886,40.07581923,0.06,-0.01,NaN,NaN,NaN,NaN,0.031841429,NaN,0.062258149,,,,0
January 20 2020_A,Rmar08_2ndTrial,pre,3,8,108.453543,51.78379609,0.06,-0.04,NaN,NaN,NaN,NaN,0.127288679,NaN,0.04103646,,,,0
January 20 2020_A,Rmar08,pre,1,8,201.1267595,19.65632631,0.01,-0.03,-0.740111843,0.418115667,-0.528740298,0.09,0.126169812,0.497320253,0.049983663,,,,1
January 20 2020_A,Rmar08,pre,2,8,197.4350723,45.7655804,0.14,-0.02,0.582618829,1.988318594,0.434555976,0.43,0.049438862,0.587403086,0.049564817,,,,0
January 20 2020_A,Rmar08,pre,3,8,250.1381345,28.41248677,0.12,-0.01,-0.239050717,0.379572762,0.379572762,0.31,0.139756637,0.056351424,0.084671213,,,,0
January 20 2020_A,Rmar09,pre,1,9,292.8706862,51.17594687,-0.08,-0.14,-0.226759555,0.353934445,0.010388536,0.13,0.16130003,0.356734208,0.064647856,,,,0
January 20 2020_A,Rmar09,pre,2,9,124.3041105,38.41690361,0.04,-0.01,-0.46386663,0,-0.428997187,0.01,0.139560312,0.435677499,0.056139885,,,,0
January 20 2020_A,Rmar09,pre,3,9,207.8336446,39.31730248,0.05,-0.04,0.046893094,2.134487582,0.544202002,0.15,0.110887408,0.630522345,0.060858821,,,,0
January 20 2020_A,Rmar09,pre,4,9,214.8350665,39.70484054,-0.03,-0.1,0.590414467,2.966111296,-0.084852813,0.16,0.153920553,0.834230516,0.093045826,,,,0
January 20 2020_A,Rmar09,pre,5,9,184.5107663,71.35383207,0.06,-0.03,0.126326945,2.681594221,-1.54062635,0.17,0.123032709,0.655010855,0.110528851,,,,0
January 20 2020_A,Rmar09,pre,6,9,104.6976921,44.24067877,-0.03,-0.1,0.026022401,1.17761856,-0.274035242,0.18,0.098464767,0.715458264,0.088136706,,,,0
January 20 2020_A,Rmar09,pre,7,9,99.07242085,48.79364189,0.13,-0.02,-0.345922161,0.36533537,-0.509248969,0.29,0.138776478,0.646553641,0.113840454,,,,0
January 20 2020_A,Rmar09,pre,8,9,519.8235411,86.00267785,-0.06,-0.19,0.595179286,3.932789507,-0.742721543,0.28,0.133934644,0.88048773,0.196004035,,,,0
January 20 2020_A,Rmar09,pre,9,9,70.13643228,37.06599113,-0.01,-0.11,-0.504847642,0.564696384,-1.309557635,0.1,0.116605845,0.602341246,0.053206184,,,,0
January 20 2020_A,Rmar09,pre,10,9,466.8920301,49.30974411,0.07,-0.02,0.135610386,1.576766806,-0.140822211,0.2,0.117067467,0.594513679,0.09945099,,,,0
January 20 2020_A,Rmar09,pre,11,9,438.496224,62.1825409,0.09,-0.04,0.560223121,3.517039119,0.718854367,0.3,0.147738502,0.675858919,0.131940365,,,,0
January 20 2020_A,Rmar09,pre,12,9,126.9485425,54.25430262,0.09,-0.04,0.062312557,1.724594163,-0.237237554,0.3,0.144809237,0.658598691,0.117446136,,,,0
January 20 2020_A,Rmar09,pre,13,9,299.0044198,54.33551397,0.06,-0.05,0.055656837,1.274532657,-0.220199806,0.19,0.115777368,0.624549754,0.104286222,,,,0
January 20 2020_A,Rmar09,pre,14,9,172.7034638,54.58482452,0.1,-0.04,-0.100871135,0.723174645,0.227745673,0.16,0.139470583,0.704401606,0.135960473,,,,0
January 20 2020_A,Rmar09,pre,15,9,132.2224154,55.15783528,0.08,-0.03,-0.045246945,1.292169743,-0.265584156,0.18,0.12142523,0.668470049,0.105399603,,,,0
January 20 2020_A,Rmar09,pre,16,9,148.7492727,44.55765405,0.08,-0.06,0.031685221,1.890881922,-1.020609272,0.29,0.146112939,0.577370118,0.087416338,,,,0
January 20 2020_A,Rmar09,pre,17,9,231.4093825,43.02353172,0.1,-0.05,0.353640406,1.328175608,-0.362343112,0.31,0.135235882,0.732422424,0.081246072,,,,0
January 20 2020_A,Rmar09,pre,18,9,240.1347441,54.77493669,0.1,-0.06,0.45755061,1.974624371,-1.018320741,0.33,0.140945771,0.760614317,0.117875556,,,,0
January 20 2020_A,Rmar09,pre,19,9,216.7493847,38.38123969,0.11,-0.08,0.776235302,3.516709701,-0.979967335,0.37,0.123606691,0.753732156,0.128905153,,,,0
January 20 2020_A,Rmar09,pre,20,9,293.977216,40.27615982,0.11,-0.06,0.32801278,1.895172415,-1.466142571,0.13,0.162992453,0.805031866,0.138332142,,,,0
January 20 2020_A,Rmar09,pre,21,9,210.7970969,33.46184775,0.08,-0.05,0.151857355,0.816462785,-0.662680433,0.19,0.145860655,0.417500843,0.075348444,,,,0
January 20 2020_A,Rmar09,pre,22,9,125.6901041,42.64025304,0.09,-0.07,0.980397149,3.108901968,-1.371199475,0.36,0.156382677,0.569359874,0.122148589,,,,0
January 20 2020_A,Rmar09,pre,23,9,276.3071887,56.13782411,0.08,-0.05,0.668679888,3.03028262,-1.262618694,0.21,0.09875025,0.65754675,0.129220886,,,,0
January 20 2020_A,Rmar09,pre,24,9,209.5720898,53.73722816,0.16,-0.09,0.409557021,3.77801929,-1.252425943,0.39,0.111733025,0.825522733,0.13179569,,,,1
January 20 2020_A,Rmar09,pre,25,9,108.9362067,44.2265394,0.2,-0.07,1.858900707,4.551407771,-0.529426146,0.38,0.129786423,0.841155794,0.141606573,,,,0
January 20 2020_A,Rmar09,pre,26,9,411.8095039,67.81461996,0.12,-0.05,0.626365557,2.534756979,-1.419006605,0.34,0.104452244,0.665578643,0.147902393,,,,0
January 20 2020_A,Rmar09,pre,27,9,310.7331995,62.88764923,0.13,-0.07,0.680414666,2.378603757,-0.399056427,0.37,0.119518562,0.752687638,0.141472214,,,,0
January 20 2020_B,Rmar10,pre,1,10,164.7793214,41.52168669,-0.05,-0.18,0.450478159,2.567808204,0.194008975,0.35,0.11846418,0.060881174,0.031413801,,,,0
January 20 2020_B,Rmar10,pre,2,10,639.7187299,52.99684011,0.07,-0.04,2.075828742,5.719779054,0.355288669,0.21,0.043240308,0.752728257,0.088522862,,,,0
January 20 2020_B,Rmar10_2ndTrial,pre,1,10,331.9744327,29.19749916,0.06,-0.01,-0.490583202,0.352165045,-0.676765949,0.14,0.117827858,0.474535468,0.077410624,,,,0
January 20 2020_B,Rmar10_2ndTrial,pre,2,10,43.25310794,54.1775546,0.1,-0.03,0.389591571,1.327659651,-0.041526477,0.29,0.146177463,0.754773612,0.111188123,,,,0
January 20 2020_B,Rmar10_2ndTrial,pre,3,10,196.7019313,36.41937486,0.06,-0.03,-0.059021471,1.382268642,-1.005579884,0.25,0.10834533,0.506159108,0.05090005,,,,0
January 20 2020_B,Rmar10_2ndTrial,pre,4,10,49.63123658,43.64247884,0.13,-0.04,0.650385328,5.301621133,-2.040717535,0.29,0.154569342,0.845360629,0.134179907,,,,0
January 20 2020_B,Rmar10_2ndTrial,pre,5,10,418.3140391,47.48268291,0.11,-0.06,0.891164413,3.897557334,-0.93471134,0.34,0.173540587,0.684499908,0.113971372,,,,0
January 20 2020_B,Rmar10_2ndTrial,pre,6,10,477.8040018,59.3235203,0.1,-0.04,0.13505635,3.831847452,-0.120269571,0.3,0.074994333,0.821518074,0.131302001,,,,0
January 20 2020_B,Rmar10_2ndTrial,pre,7,10,259.5797844,54.6797062,0.1,-0.04,0.155847951,1.76840963,-1.571535104,0.34,0.096025052,0.543227794,0.125292938,,,,0
January 20 2020_B,Rmar10_2ndTrial,pre,8,10,38.75986067,54.35163264,0.1,-0.04,0.233947031,3.491953476,0.411565987,0.3,0.110324773,0.92777251,0.131605777,,,,0
January 20 2020_B,Rmar15,pre,1,15,447.729665,56.26022726,0.08,-0.06,0.762357381,2.67814065,-1.962865289,0.31,0.128618359,0.561982137,0.09912494,,,,0
January 20 2020_B,Rmar15,pre,2,15,630.7753223,76.79428052,0.09,-0.01,0.536397945,3.730665581,-2.469702068,0.15,0.133504014,0.696950226,0.113572321,,,,0
January 20 2020_B,Rmar15,pre,3,15,625.0195621,85.68050742,-0.08,-0.17,-0.069616974,2.484905423,-1.580438337,0.26,0.164003875,0.423909021,0.114765828,,,,0
January 20 2020_B,Rmar15,pre,4,15,412.1807984,37.13123816,0.06,-0.03,-0.705697083,0.203502375,-0.387351123,0.22,0.155571149,0.671140371,0.057615567,,,,0
January 20 2020_B,Rmar15,pre,5,15,240.2775603,41.95291111,0.05,-0.09,-0.731681533,0.945626904,0.552546158,0.03,0.156179192,0.279220097,0.074457712,,,,0
January 20 2020_B,Rmar15,pre,6,15,426.9146674,62.42426673,0.09,-0.05,-0.533597589,0,-0.207510792,0.29,0.144689269,0.427999187,0.085885758,,,,0
January 20 2020_B,Rmar15,pre,7,15,268.4101252,83.93856447,0.07,-0.03,-0.009259808,2.474215755,-0.783912432,0.15,0.176829385,0.71291786,0.111668266,,,,0
January 20 2020_B,Rmar15,pre,8,15,106.6507341,70.96395511,0.04,-0.03,-0.323421944,0.305512681,-1.12384505,0.15,0.145070504,0.408826823,0.086325828,,,,0
January 20 2020_B,Rmar15,pre,9,15,168.2825003,73.37977908,0.08,-0.06,-0.170455325,1.360461195,0.005943754,0.35,0.151304912,0.486217303,0.076271471,,,,0
January 20 2020_B,Rmar15,pre,10,15,528.8744196,73.58905695,0.11,-0.06,-0.266141388,1.200272411,-0.236420941,0.33,0.170586597,0.563479581,0.12719792,,,,0
January 20 2020_B,Rmar15,pre,11,15,400.1880113,44.46571712,0.09,-0.06,0.19136063,2.07302129,-0.207771277,0.11,0.116514422,0.409294388,0.055993774,,,,0
January 20 2020_B,Rmar15,pre,12,15,129.9269637,65.80496788,0.08,-0.13,-0.88632321,0.402518136,0.402518136,0.02,0.162458207,0.59035357,0.090597601,,,,0
January 20 2020_B,Rmar15,pre,13,15,308.8968361,81.93191045,0.03,-0.11,-0.679702178,0.94716087,0.94716087,0.16,0.188284477,0.747202344,0.144427544,,,,0
January 20 2020_B,Rmar15,pre,14,15,518.0223121,65.56131285,0.07,-0.06,-0.186175129,1.555961609,-0.64109882,0.29,0.166321522,0.573363385,0.085218465,,,,0
January 20 2020_B,Rmar15,pre,15,15,148.5382134,60.81977385,0.04,-0.09,-0.708416801,0,-0.058162059,0.29,0.159112839,0.414182364,0.071686104,,,,0
January 20 2020_B,Rmar15,pre,16,15,355.8353153,87.76714822,0.09,-0.05,-0.22440301,1.398314424,-0.923082215,0.33,0.166263446,0.659811286,0.119776613,,,,0
January 20 2020_B,Rmar15,pre,17,15,351.265292,64.0264702,0.02,-0.09,-0.30783113,0.578023061,-1.043524876,0.2,0.098109845,0.585788556,0.076025424,,,,0
January 20 2020_B,Rmar15,pre,18,15,327.0668012,66.33982829,0.11,-0.03,-0.184337864,0.873610048,-0.356256093,0.13,0.135258411,0.891857585,0.103210212,,,,0
January 20 2020_B,Rmar15,pre,19,15,539.208335,78.68554477,0.1,-0.07,0.511696354,2.448358451,-0.127886828,0.38,0.117253468,0.70647469,0.137669003,,,,0
January 20 2020_B,Rmar15,pre,20,15,139.1462965,78.45555754,0.05,-0.14,0.535908473,2.480543119,-1.212427003,0.42,0.073270128,0.479797829,0.070089784,,,,0
January 20 2020_B,Rmar15,pre,21,15,277.5318413,72.36830731,0.06,-0.08,-0.249099901,0.294449717,-0.945938089,0.2,0.130082141,0.433714561,0.072313482,,,,0
January 20 2020_B,Rmar15,pre,22,15,321.2505793,63.88851574,0.12,-0.09,0.472180887,1.556733068,0.108700129,0.42,0.096763183,0.645004467,0.081553436,,,,0
January 20 2020_B,Rmar15,pre,23,15,176.1864203,64.06451768,0.09,-0.04,-0.145900019,1.298790909,-0.00173246,0.17,0.064515014,0.616256947,0.091973241,,,,0
January 20 2020_B,Rmar15,pre,24,15,314.8439491,78.75854849,0.06,-0.07,-0.404985011,0.603373079,-0.910238002,0.19,0.088548653,0.608210984,0.091925031,,,,0
January 20 2020_B,Rmar15,pre,25,15,185.7073294,64.47678252,0.07,-0.06,-0.4025055,0.865008534,0.418853267,0.08,0.088014326,0.352695448,0.067280711,,,,0
January 20 2020_B,Rmar15,pre,26,15,267.1949717,66.98750118,0.06,-0.07,-0.108848882,1.084593693,-0.914577824,0.24,0.09418677,0.429835654,0.06107282,,,,0
March 12 2020,Rmar04_Sham_01,sham,1,4,385.1040755,60.34915363,0.02,-0.06,0.787453422,2.024890076,1.993288063,0.25,0.093694223,0.714896137,0.08032194,,,,1
March 12 2020,Rmar04_Sham_01,sham,2,4,76.61038369,52.55964649,0.14,-0.11,0.886989014,3.401383058,1.281280043,0.53,0.144513788,0.415323281,0.131590649,,,,0
March 12 2020,Rmar04_Sham_01,sham,3,4,145.6188909,49.09627733,-0.08,-0.17,0.429312179,2.803324026,-0.251900086,0.41,0.072442284,0.296555588,0.059023046,,,,0
March 12 2020,Rmar04_Sham_02,sham,1,4,388.67194,74.08311369,0.1,-0.01,-0.251292396,1.530031004,1.351891036,0.21,0.126360815,0.578797084,0.13807299,,,,0
March 12 2020,Rmar04_Sham_02,sham,2,4,608.8097409,111.141191,-0.04,-0.14,0.547151002,3.969160545,-4.12299626,0.21,0.139879039,0.641893229,0.203101866,,,,0
March 12 2020,Rmar04_Sham_02,sham,3,4,423.8781955,81.76151447,0.11,-0.1,0.634006671,2.692151823,-0.174679027,0.42,0.130954329,0.707536935,0.129669672,,,,0
March 12 2020,Rmar04_Sham_02,sham,4,4,434.5904477,67.37566599,0.15,-0.03,-0.293944158,0.869975066,0.041100063,0.44,0.089817574,0.511330112,0.079310231,,,,0
March 12 2020,Rmar04_Sham_02,sham,5,4,419.0064251,68.26570985,0.02,-0.02,0.762026589,3.848320201,-2.55422482,0.34,0.133664341,0.768395242,0.168007209,,,,0
March 12 2020,Rmar04_Sham_02,sham,6,4,10.45023236,57.72255326,0.16,-0.03,0.211148385,1.053814291,-0.709334983,0.51,0.086466581,0.222221045,0.03719906,,,,0
March 12 2020,Rmar04_Sham_02,sham,7,4,110.2741707,72.75345795,0.04,-0.11,0.289844037,1.936261778,-2.238321388,0.3,0.07073335,0.492414996,0.144298934,,,,0
March 12 2020,Rmar04_Sham_02,sham,8,4,238.5753547,69.62429339,0.1,-0.09,0.114808482,1.548974494,1.548974494,0.46,0.065823256,0.624654997,0.059078146,,,,1
March 12 2020,Rmar06_sham_01,sham,1,6,137.5696348,59.09377472,0.12,-0.05,0.318170075,2.942301549,-0.934257991,0.38,0.00231155,1.062661659,0.137698093,,,,0
March 12 2020,Rmar06_sham_01,sham,2,6,462.4446579,26.95742547,0.03,-0.01,0.027047449,1.644304808,-2.492777672,0.23,0.138515376,0.341710044,0.104975899,,,,0
March 12 2020,Rmar06_sham_01,sham,3,6,725.1892737,83.29000574,0.03,-0.11,0.687592152,2.481965276,0.72695243,0.26,0.143724869,0.944522757,0.227130351,,,,0
March 12 2020,Rmar06_sham_01,sham,4,6,261.776934,56.98958125,0.06,-0.07,-0.042811838,0.921166487,0.44564105,0.33,0.146275548,0.506747207,0.097262703,,,,0
March 12 2020,Rmar06_sham_01,sham,5,6,478.2683225,67.04083469,0.06,-0.1,0.490478006,3.367875637,3.367875637,0.25,0.116449402,0.698554504,0.166211429,,,,0
March 12 2020,Rmar06_sham_01,sham,6,6,259.7389319,52.33373946,0.1,-0.08,-0.006740551,1.414393418,-1.040694888,0.41,0.115912675,0.524301626,0.092989044,,,,0
March 12 2020,Rmar06_sham_01,sham,7,6,492.9327254,87.13532606,0.11,-0.03,0.476476982,3.6138876,-1.195547074,0.17,0.134948143,0.761431256,0.202900701,,,,0
March 12 2020,Rmar06_sham_01,sham,8,6,310.3010072,65.11991663,0.09,-0.07,-0.000649552,1.697529114,-0.687787848,0.37,0.126403798,0.603378971,0.11444439,,,,0
March 12 2020,Rmar06_sham_01,sham,9,6,260.4603706,69.70944159,0.1,-0.04,0.385014951,2.166197605,-0.309268412,0.32,0.137505698,0.556527481,0.1312105,,,,0
March 12 2020,Rmar06_sham_01,sham,10,6,339.2578771,70.5642562,0.01,-0.12,-0.001875476,1.512410436,-0.781438146,0.28,0.130405166,0.530050582,0.133804541,,,,0
March 12 2020,Rmar06_sham_01,sham,11,6,183.6558401,45.56682121,0.12,-0.06,0.643861222,3.019589458,-1.756927934,0.35,0.117690001,0.602029106,0.110078797,,,,0
March 12 2020,Rmar06_sham_01,sham,12,6,337.0998196,50.72024274,0.06,-0.07,0.042061872,1.7019311,-0.6724376,0.22,0.143307482,0.350712098,0.080744282,,,,0
March 12 2020,Rmar06_sham_01,sham,13,6,146.6693947,80.20832298,0.09,-0.03,0.121752776,2.219808622,-0.997433514,0.32,0.147356402,0.594136385,0.148267229,,,,0
March 12 2020,Rmar06_sham_01,sham,14,6,122.9587988,64.41237513,0.11,-0.06,-0.201613468,0.741021915,-0.84563889,0.38,0.155294464,0.457047665,0.098100312,,,,0
March 12 2020,Rmar06_sham_01,sham,15,6,388.7865668,69.86081673,0.1,-0.07,0.1230702,1.803198592,-0.866069343,0.41,0.151345888,0.625590156,0.117026758,,,,0
March 12 2020,Rmar06_sham_01,sham,16,6,270.1777698,64.10507262,0.09,-0.06,0.205012696,1.911266619,-1.463338389,0.38,0.134879841,0.547221335,0.127783735,,,,0
March 12 2020,Rmar06_sham_01,sham,17,6,406.641622,68.5432454,0.08,-0.05,0.006599564,1.404381386,-0.715378099,0.35,0.132999294,0.429555416,0.116844553,,,,0
March 12 2020,Rmar06_sham_01,sham,18,6,299.3220044,86.85583593,0.1,-0.05,-0.025703053,2.21054432,-1.095930546,0.36,0.14037861,0.559984379,0.135116824,,,,0
March 12 2020,Rmar06_sham_01,sham,19,6,322.9553367,59.94210932,0.08,-0.06,-0.111919964,0.946539407,0.388507945,0.22,0.167085942,0.513953469,0.105803365,,,,0
March 12 2020,Rmar06_sham_01,sham,20,6,291.4793761,69.67348496,0.09,-0.06,0.021176314,1.558284623,-0.341602788,0.36,0.146118452,0.611907085,0.127771857,,,,0
March 12 2020,Rmar06_sham_01,sham,21,6,315.8664399,72.65059246,0.08,-0.06,-0.101596917,2.422114874,-1.062800406,0.23,0.109760828,0.550877543,0.112381845,,,,0
March 12 2020,Rmar06_sham_01,sham,22,6,450.4085797,75.55609904,0.11,-0.06,0.224492666,1.470146543,-0.655080807,0.38,0.165949119,0.652263468,0.156584078,,,,0
March 12 2020,Rmar06_sham_01,sham,23,6,138.7916968,67.07366002,0.09,-0.05,0.071705525,1.886862484,-1.289667585,0.36,0.135212466,0.55338729,0.122445069,,,,0
March 12 2020,Rmar06_sham_01,sham,24,6,276.1749077,89.65987814,0.12,-0.05,0.375428261,1.362024603,-1.388996852,0.39,0.106479549,0.667625881,0.1476087,,,,0
March 12 2020,Rmar06_sham_01,sham,25,6,286.5149433,68.8574499,0.1,-0.07,-0.070458877,1.705108314,-1.392871744,0.42,0.116136472,0.720772572,0.138713414,,,,0
March 12 2020,Rmar06_sham_01,sham,26,6,208.2494263,76.89070023,0.08,-0.03,0.328917063,2.263375085,-2.540960085,0.23,0.101773852,0.564046334,0.13757982,,,,0
March 12 2020,Rmar06_sham_01,sham,27,6,261.4918654,73.45831568,0.08,-0.07,-0.134549906,2.015352157,-0.905483455,0.38,0.154419668,0.595120448,0.126738761,,,,0
March 12 2020,Rmar06_sham_01,sham,28,6,265.9704508,69.59450546,0.09,-0.09,0.115521893,1.544231525,-0.455951996,0.41,0.161371357,0.687402943,0.135532061,,,,0
March 12 2020,Rmar06_sham_01,sham,29,6,289.8746215,62.73628454,0.09,-0.06,0.38279648,1.640348566,-0.982178062,0.36,0.147333522,0.524754697,0.12441,,,,0
March 12 2020,Rmar06_sham_01,sham,30,6,241.5881752,97.59455975,0.11,-0.05,-0.352179466,1.456375588,-1.548247942,0.39,0.119277863,0.764910546,0.172073043,,,,0
March 12 2020,Rmar06_sham_01,sham,31,6,493.7380893,69.12288997,0.09,-0.06,-0.098706481,1.307809225,-1.221852509,0.38,0.152563179,0.585898523,0.134092586,,,,0
March 12 2020,Rmar06_sham_01,sham,32,6,110.3749736,64.45751868,0.12,-0.03,0.291347136,2.395985279,-2.127816564,0.39,0.13296167,0.679381277,0.147694676,,,,0
March 12 2020,Rmar06_sham_01,sham,33,6,358.2703282,83.38621635,0.12,-0.05,0.37987373,2.356908802,-1.850556373,0.4,0.092655065,0.797998129,0.173496401,,,,0
March 12 2020,Rmar06_sham_01,sham,34,6,343.1937896,64.80433006,0.09,-0.07,-0.009400686,2.002993889,-1.323355108,0.25,0.101465023,0.704574451,0.13947061,,,,0
March 12 2020,Rmar06_sham_01,sham,35,6,191.0963146,83.58041285,0.07,-0.04,-0.200279603,1.436308067,-1.889484356,0.25,0.096613434,0.520253405,0.127485089,,,,0
March 12 2020,Rmar06_sham_01,sham,36,6,240.7658164,111.3819337,0.12,-0.03,0.552010006,3.907620265,-2.177635387,0.38,0.082173391,0.685329904,0.156366637,,,,0
March 12 2020,Rmar06_sham_01,sham,37,6,167.1151068,63.39865803,0.09,-0.06,-0.083358717,1.697249272,-1.261584381,0.39,0.096236947,0.704519957,0.122235195,,,,0
March 12 2020,Rmar06_sham_01,sham,38,6,309.6285976,62.68506728,0.09,-0.06,-0.186041869,1.839235394,-1.670575598,0.4,0.106011838,0.694854883,0.133675282,,,,0
March 12 2020,Rmar10_sham_01,sham,1,10,127.9007811,40.64401789,-0.02,-0.12,0.873207677,4.115678693,-2.74376911,0.18,0.151976284,0.51896025,0.079588423,,,,0
March 12 2020,Rmar10_sham_01,sham,2,10,489.7907449,61.91982407,0.16,-0.08,0.750784191,5.584693193,-0.822195264,0.37,0.126522668,1.013668047,0.186622494,,,,0
March 12 2020,Rmar10_sham_01,sham,3,10,195.3166812,45.444511,-0.08,-0.15,0.750080889,3.267792653,-2.516636594,0.23,0.157351615,0.319193739,0.132505023,,,,0
March 12 2020,Rmar10_sham_01,sham,4,10,343.8227674,53.79424253,0.13,-0.06,1.123657635,3.964028091,-0.082237137,0.38,0.076867188,0.974400804,0.192703725,,,,0
March 12 2020,Rmar10_sham_01,sham,5,10,1167.141447,76.73885286,0.13,-0.02,1.493041289,5.84722541,2.318713139,0.21,0.126621767,0.877280831,0.189164549,,,,1
March 12 2020,Rmar10_sham_01,sham,6,10,156.6775112,64.75127335,0.19,-0.04,1.839658752,6.523083723,2.285146777,0.34,0.131443174,1.023520498,0.186359732,,,,0
March 12 2020,Rmar10_sham_01,sham,7,10,693.9234151,66.9903504,0.08,-0.03,0.699586162,4.317193486,-1.10838095,0.19,0.151920452,0.618327996,0.118618564,,,,0
March 12 2020,Rmar10_sham_01,sham,8,10,202.4750125,67.32079727,0.19,-0.07,0.406767557,3.588724548,-0.34602941,0.24,0.119123558,0.96410019,0.186330764,,,,0
March 12 2020,Rmar10_sham_01,sham,9,10,367.2621253,82.26507644,-0.13,-0.37,-0.142945176,0.591585451,0.35566224,0.54,0.112072663,0.500772987,0.125775114,,,,0
March 12 2020,Rmar10_sham_01,sham,10,10,450.1898371,75.63083016,0.13,-0.06,1.693421883,6.34825538,0.57841811,0.33,0.118417406,1.139081031,0.197816131,,,,0
March 12 2020,Rmar10_sham_01,sham,11,10,431.5103383,72.0345056,0.14,-0.07,0.94873851,6.125076066,-0.938013063,0.35,0.144104928,0.909370953,0.187531898,,,,0
March 12 2020,Rmar10_sham_01,sham,12,10,256.4250309,75.23418614,0.16,-0.09,0.572930125,5.322766313,0.014719472,0.44,0.117822192,0.85256015,0.184501659,,,,0
March 12 2020,Rmar10_sham_01,sham,13,10,490.4116375,88.77081151,0.14,-0.06,1.107127668,4.051521073,-0.22385794,0.39,0.131958805,0.915973017,0.187780017,,,,0
March 12 2020,Rmar10_sham_01,sham,14,10,345.4780739,68.54945971,0.11,-0.06,0.842812552,3.88153382,-0.350757448,0.34,0.112659502,0.80646859,0.15960426,,,,0
March 12 2020,Rmar10_sham_01,sham,15,10,192.1733714,70.0020776,0.08,-0.05,-0.062401408,1.914464358,-0.361723374,0.22,0.107667671,0.706959754,0.138873612,,,,0
March 12 2020,Rmar10_sham_01,sham,16,10,158.9742288,63.24062988,-0.04,-0.24,0.54208864,2.760431987,0.884465452,0.41,0.121476691,0.872543618,0.14812073,,,,0
March 12 2020,Rmar10_sham_01,sham,17,10,123.764232,67.0273874,0.19,-0.08,2.071730104,7.007277553,-0.812840884,0.39,0.105504801,1.018573647,0.238450683,,,,0
March 12 2020,Rmar10_sham_01,sham,18,10,60.32473698,54.14780701,-0.01,-0.1,1.155323531,4.383401497,1.038406949,0.2,0.12992569,0.739350061,0.149068913,,,,0
March 12 2020,Rmar15_sham_01,sham,1,15,189.1811414,62.84414694,0.11,-0.03,0.442548957,2.473481076,-1.414132251,0.16,0.094053351,0.63827768,0.129556182,,,,0
March 12 2020,Rmar15_sham_01,sham,2,15,73.4556984,73.0439854,0.17,-0.01,0.944881929,4.053762441,-1.51694933,0.33,0.105027227,0.910912142,0.20703249,,,,0
March 12 2020,Rmar15_sham_01,sham,3,15,108.2963884,77.63910222,0.11,-0.02,0.59512197,2.956979388,-2.230321382,0.31,0.149423725,0.780897986,0.168933482,,,,0
March 12 2020,Rmar15_sham_01,sham,4,15,427.2210721,80.50780533,0.09,-0.02,0.363797447,1.730184873,-1.886885036,0.17,0.119843159,0.685221783,0.138922743,,,,0
March 12 2020,Rmar15_sham_01,sham,5,15,127.6662211,70.72020846,0.09,-0.01,-0.131281123,1.67350368,-1.409560054,0.18,0.130552475,0.666517153,0.110152525,,,,0
March 12 2020,Rmar15_sham_01,sham,6,15,76.96226165,73.43939553,0.07,-0.02,0.02979727,1.499834025,-1.779058358,0.15,0.087608185,0.508660674,0.105198445,,,,0
March 12 2020,Rmar15_sham_01,sham,7,15,179.2410717,80.53963261,0.11,-0.01,0.101702799,1.463750667,-1.726647171,0.25,0.109821786,0.535562284,0.113219079,,,,0
March 12 2020,Rmar15_sham_01,sham,8,15,54.14132299,70.49340273,0.08,-0.04,-0.608839614,0.181444259,0.159621043,0.04,0.090029149,0.463324521,0.069680614,,,,0
March 12 2020,Rmar15_sham_01,sham,9,15,354.5188118,64.45866328,0.05,-0.07,-0.560963188,1.3146975,-1.284910477,0.19,0.074133805,0.688822504,0.078791796,,,,0
March 12 2020,Rmar15_sham_01,sham,10,15,17.20122604,68.55424512,0.09,-0.01,-0.693193431,1.125982946,-0.880035827,0.17,0.079831086,0.600971849,0.091222544,,,,0
March 12 2020,Rmar15_sham_01,sham,11,15,212.0968997,89.80573012,0.08,-0.04,-0.471714344,1.075026512,0.075027402,0.21,0.080622355,0.530644132,0.08720478,,,,0
March 12 2020,Rmar15_sham_01,sham,12,15,353.0338346,85.32448936,0.07,-0.04,0.607336379,4.340124408,-4.018215769,0.29,0.028819868,0.445298998,0.063084506,,,,0
March 12 2020,Rmar15_sham_01,sham,13,15,295.0287906,93.06196335,0.07,-0.05,0.63111869,2.758755614,-1.538094194,0.22,0.058708316,0.738431533,0.132555385,,,,0
March 12 2020,Rmar15_sham_01,sham,14,15,219.1172218,86.16477923,0.11,-0.02,0.464303069,3.041564547,-1.963966696,0.33,0.095738043,0.717044274,0.176056869,,,,0
March 12 2020,Rmar15_sham_01,sham,15,15,244.389499,87.14136938,0.15,-0.03,1.279874361,5.08042195,-1.821583799,0.3,0.057275729,0.855887817,0.19053456,,,,0
March 12 2020,Rmar15_sham_01,sham,16,15,163.025053,63.37168792,0.08,-0.13,-0.388525125,1.983360848,-0.391902234,0.38,0.110613175,0.754068111,0.093200703,,,,0
September 25 2020,Rmar01_01,post,1,1,110.2877782,59.49641265,0.032,-0.036,2.643422228,7.549581789,5.890740194,0.18,0.090845591,0.638987366,0.07743711,0.1685,-0.1582,0.1942,1
September 25 2020,Rmar01_01,post,2,1,284.9116714,63.73547757,0.036,-0.116,1.708466837,3.858109669,3.355745199,0.276,0.119023407,0.570889405,0.068181758,0.2406,-0.2403,0.2643,0
September 25 2020,Rmar01_01,post,3,1,571.5382224,94.95146986,-0.012,-0.128,2.247592291,5.424896602,4.179210235,0.26,0.079716479,0.928501453,0.131984982,0.2487,-0.2858,0.3298,0
September 25 2020,Rmar01_01,post,4,1,104.3789175,71.14653829,0.052,-0.024,2.579028665,7.885246349,0.000341227,0.22,0.096442155,0.37887158,0.053563581,0.2506,NaN,NaN,0
September 25 2020,Rmar01_01,post,5,1,258.8537739,74.10096594,0.116,-0.012,2.045667072,7.791837659,5.539160405,0.22,0.07346765,0.754551287,0.130077616,0.2164,-0.2539,0.3139,0
September 25 2020,Rmar01_01,post,6,1,31.7960811,86.9292533,0.12,-0.008,3.005123613,6.800228112,2.598620096,0.232,0.123250058,0.985192899,0.168590632,0.2472,-0.3373,0.4013,0
September 25 2020,Rmar01_01,post,7,1,158.1305283,69.72219321,0.092,-0.008,2.023063338,5.746227936,1.87668089,0.348,0.071929053,0.837293229,0.115196158,0.3678,-0.337,0.377,0
September 25 2020,Rmar01_01,post,8,1,128.0877668,87.18123626,0.096,-0.032,2.238695778,5.669869712,4.011339634,0.276,0.12037136,0.74529059,0.1193734,0.2953,-0.1742,0.1942,0
September 25 2020,Rmar01_01,post,9,1,66.24195387,99.05927519,0.136,-0.016,1.318151618,6.2038978,2.046920601,0.524,0.011765317,1.033501537,0.165150553,0.4493,-0.5695,0.6095,0
September 25 2020,Rmar01_01,post,10,1,37.58501016,71.51375089,0.108,-0.024,1.26867828,5.751754575,2.129314357,0.452,0.104517867,0.672771082,0.117306127,0.5284,-0.4265,0.4785,0
September 25 2020,Rmar01_01,post,11,1,90.91727243,67.90096028,0.064,-0.02,1.925214821,6.461776087,0.739914641,0.364,0.152758974,0.682153578,0.102966403,0.394,-0.3007,0.3127,0
September 25 2020,Rmar01_01,post,12,1,192.9909251,107.4147878,0.132,-0.036,1.590665366,6.288752364,3.269864868,0.368,0.022777018,0.782596156,0.154203083,0.4149,-0.3398,0.3758,0
September 25 2020,Rmar02_01,post,1,2,40.802525,118.6556422,0.096,-0.024,2.866094265,6.308970051,3.807915461,0.2,0.096693226,0.643046578,0.145410387,0.2064,-0.2344,0.2584,0
September 25 2020,Rmar02_01,post,2,2,118.6618613,79.27502927,0.124,-0.02,1.741204695,10.9869665,10.9869665,0.304,0.15876808,0.251346578,0.059721421,0.1354,-0.1823,0.2343,0
September 25 2020,Rmar02_01,post,3,2,394.7106639,78.15919309,0.112,-0.008,2.378328298,6.897015238,6.411772875,0.196,0.070559056,0.399923233,0.057370263,0.309,-0.2323,0.2803,0
September 25 2020,Rmar02_01,post,4,2,20.30202186,95.47467164,0.084,-0.036,1.953099896,4.562766123,0.009024988,0.332,0.119367814,0.665881081,0.110863881,0.2883,-0.2305,0.2465,0
September 25 2020,Rmar02_01,post,5,2,544.3174111,111.6749469,-0.004,-0.14,2.091129786,6.965201295,0.969829786,0.18,-0.000531877,0.744921651,0.131013975,0.1782,-0.1843,0.2593,0
September 25 2020,Rmar04_01,post,1,4,95.59174028,69.57542439,0.048,-0.028,1.416050285,4.547511417,0.242851225,0.432,-0.000352181,0.313254377,0.046525501,0.4746,-0.5037,0.5077,0
September 25 2020,Rmar04_01,post,2,4,61.74471111,64.54968851,-0.012,-0.076,2.575388087,4.295403623,1.564147315,0.288,0.05014125,0.586356485,0.120158634,0.2947,-0.3532,0.3812,0
September 25 2020,Rmar06_01,post,1,6,290.1458518,54.11750509,0.1,-0.008,3.981765561,8.640563178,2.56588618,0.148,0.144694719,0.822050609,0.08984366,0.1458,-0.2201,0.2539,0
September 25 2020,Rmar06_01,post,2,6,490.1009674,65.09891451,0.076,-0.148,4.532407156,10.48179345,6.646753099,0.14,0.068253947,0.641822748,0.041373552,0.1104,-0.2225,0.2785,0
September 25 2020,Rmar06_01,post,3,6,214.2653799,79.38856801,0.044,-0.156,3.785764411,9.333228022,5.768088693,0.16,0.107510891,0.395261729,0.029288037,0.1441,-0.2082,0.2389,0
September 25 2020,Rmar06_01,post,4,6,402.3363698,78.52704664,0.076,-0.132,3.675515214,9.878522561,5.694733366,0.328,0.091581225,0.488690594,0.030304233,0.1886,-0.1515,0.1875,0
September 25 2020,Rmar06_01,post,5,6,271.8073158,52.61343369,0.02,-0.116,3.232428115,7.244667404,3.12855042,0.172,0.12084444,0.504278972,0.047488303,0.1471,-0.1681,0.1896,0
September 25 2020,Rmar06_01,post,6,6,5.538679479,59.35305607,0.092,-0.008,2.093673748,7.796994926,2.743325297,0.216,0.035006895,0.908591432,0.109015029,0.17,-0.2828,0.3342,0
September 25 2020,Rmar06_01,post,7,6,471.1374203,72.96907661,0.04,-0.124,2.847963666,8.972176857,1.950626402,0.188,0.032080728,0.872341835,0.130229204,0.1834,-0.224,0.2979,0
September 25 2020,Rmar06_01,post,8,6,176.5436094,62.778941,0.068,-0.084,3.022013288,9.923814155,6.434307985,0.168,0.138537557,0.56310545,0.052931344,0.1438,-0.1628,0.2228,0
September 25 2020,Rmar06_01,post,9,6,145.6299744,66.44295314,0.092,-0.072,2.675869296,9.352154016,3.073727556,0.192,0.119462647,0.412608367,0.050101624,0.1779,-0.2144,0.2424,0
September 25 2020,Rmar06_01,post,10,6,133.5829306,58.25825047,0.084,-0.068,2.715088858,9.387473478,3.287864512,0.192,0.079405419,0.50129349,0.060679085,0.1437,-0.1861,0.1988,0
September 25 2020,Rmar07_01,post,1,7,252.6522468,66.85895899,0.08,-0.008,1.333205552,4.864755622,4.059761693,0.168,0.076000029,0.82492345,0.121270626,NaN,NaN,NaN,0
September 25 2020,Rmar07_01,post,2,7,116.9534122,49.44069891,0.096,-0.024,1.340635244,4.274894156,3.726845651,0.164,0.038027223,1.034671681,0.131552496,NaN,NaN,NaN,0
September 25 2020,Rmar07_01,post,3,7,210.2611361,44.85825913,0.1,-0.012,5.024754997,11.66300515,6.739321597,0.112,0.107138173,0.297380988,0.036509039,NaN,NaN,NaN,0
September 25 2020,Rmar09_01,post,1,9,76.96148402,28.24411426,0.16,-0.024,2.653482953,6.348846939,3.937012396,0.176,0.054903083,1.152108047,0.22345368,0.1513,-0.1833,0.3313,0
September 25 2020,Rmar09_01,post,2,9,86.14711013,54.20109478,0.156,-0.012,0.576397494,5.337101382,4.847160438,0.296,0.110550851,0.982301542,0.215869303,0.2491,-0.2983,0.3983,0
September 25 2020,Rmar15_01,post,1,15,216.807479,51.14182641,0.024,-0.104,3.014694837,9.745349454,5.596262987,0.172,0.113809373,0.473115429,0.062921736,0.1462,NaN,NaN,0
September 25 2020,Rmar15_01,post,2,15,227.0595031,39.22676788,0.116,-0.06,2.22951594,5.340818417,1.553653369,0.18,0.091564779,0.637914604,0.167332421,0.1717,NaN,NaN,0
September 25 2020,Rmar15_01,post,3,15,261.1882615,70.69018144,0.044,-0.012,1.963814781,6.414583914,4.715310431,0.168,0.067296664,0.61924991,0.070758836,0.1477,NaN,NaN,1
September 25 2020,Rmar15_01,post,4,15,154.1096123,44.79897602,0.024,-0.14,2.394309432,9.279561594,6.819132445,0.308,0.106056665,0.467365106,0.076361996,0.1456,NaN,NaN,0
September 25 2020,Rmar15_01,post,5,15,100.6979047,38.21368225,0.116,-0.092,2.33697843,7.420534149,5.501725138,0.356,0.052927636,0.738880426,0.130098755,0.1958,NaN,NaN,0
September 25 2020,Rmar15_01,post,6,15,245.4514772,43.96620447,0.004,-0.04,1.119625916,3.332865426,0.187672459,0.232,0.016751154,0.894529336,0.138866709,0.234,NaN,NaN,0
September 25 2020,Rmar15_01,post,7,15,92.04020801,62.69651249,0.06,-0.04,3.247464258,5.583802753,1.694586264,0.184,0.079699326,0.638764067,0.077444343,0.1796,NaN,NaN,0
September 26 2020,Rmar01_02,post,1,1,725.7184502,118.2681422,-0.028,-0.216,1.567830757,7.852009532,2.21529331,0.512,0.16611121,1.143493575,0.172166993,0.3929,-0.8446,0.8973,0
September 26 2020,Rmar01_02,post,2,1,227.9098976,73.67460722,0.124,-0.04,3.053184265,9.906785759,8.855392299,0.172,0.127479097,0.407435356,0.117719489,0.1933,-0.2509,0.27,0
September 26 2020,Rmar01_02,post,3,1,250.0360488,71.09051955,0.112,-0.048,2.483793304,7.980688041,5.824603024,0.308,0.122697107,0.807668994,0.092495089,0.2142,-0.2045,0.241,0
September 26 2020,Rmar01_02,post,4,1,148.2635258,66.68832832,0.068,-0.088,3.973121593,10.10527072,5.430371519,0.16,0.097776863,0.411746495,0.057821367,0.1592,-0.1698,0.2378,0
September 26 2020,Rmar01_02,post,5,1,346.249155,62.58891314,0.04,-0.148,3.012973072,8.022496676,5.035906395,0.32,0.015882234,0.677433689,0.092646014,0.2,-0.2282,0.2668,0
September 26 2020,Rmar01_02,post,6,1,114.9212465,92.82679874,0.16,-0.036,1.861422065,6.102542142,3.481831999,0.368,0.099143446,1.090045482,0.150312489,0.3042,-0.2243,0.2599,0
September 26 2020,Rmar01_02,post,7,1,135.2717317,97.36730084,0.128,-0.036,1.621211067,6.259419765,0.258238582,0.344,0.129038983,0.882771046,0.128524233,0.2708,NaN,NaN,0
September 26 2020,Rmar01_02,post,8,1,58.59335158,102.1498845,0.132,-0.052,2.017554382,4.632673938,0.596666866,0.36,0.097547299,0.940080922,0.163900662,0.2851,-0.3273,0.3393,0
September 26 2020,Rmar01_02,post,9,1,54.85070996,109.5384582,0.108,-0.1,1.780495067,5.820166276,2.255049497,0.368,0.114968103,0.988204328,0.16309441,0.3828,-0.205,0.217,0
September 26 2020,Rmar01_02,post,10,1,123.7156524,85.7644729,0.104,-0.016,0.11261796,1.811775683,-0.791911265,0.276,0.102062427,0.655835967,0.096976601,0.3282,NaN,NaN,0
September 26 2020,Rmar01_02,post,11,1,180.1824499,89.12057494,0.06,-0.06,1.855937055,4.810547378,0.663523975,0.276,0.08264702,0.937758513,0.13314756,0.2603,NaN,NaN,0
September 26 2020,Rmar01_02,post,12,1,127.5739145,84.12057019,0.132,-0.008,1.772641318,8.311580509,6.147931928,0.208,0.133636009,0.853297943,0.118611131,0.238,NaN,NaN,0
September 26 2020,Rmar01_02,post,13,1,23.09641707,71.73435905,0.136,-0.092,2.182921208,6.107256403,1.995846959,0.444,NaN,0.917713192,NaN,0.2592,-0.3738,0.4096,0
September 26 2020,Rmar01_02,post,14,1,141.4258644,82.74299489,0.14,-0.028,3.540994974,8.706944883,4.789739111,0.312,0.068977629,0.924926058,0.172153596,0.2095,-0.2594,0.3394,0
September 26 2020,Rmar01_03,post,1,1,39.73356352,64.19618739,0.204,-0.012,4.08070662,9.045211374,6.083923174,0.352,0.117336116,0.563421893,0.084215079,0.1684,-0.219,0.242,0
September 26 2020,Rmar01_03,post,2,1,60.91207458,99.17716589,0.16,-0.008,2.800579245,7.082407863,3.278794939,0.344,0.105837437,1.005390623,0.218505394,0.2153,-0.1656,0.2646,0
September 26 2020,Rmar01_03,post,3,1,334.6692123,83.18190094,0.152,-0.016,2.967555524,8.18874387,5.853142057,0.34,0.070407385,1.109838876,0.220197946,0.2092,-0.2211,0.3211,0
September 26 2020,Rmar01_03,post,4,1,324.248693,86.29201021,0.156,-0.012,2.87105677,8.202264928,4.968965364,0.324,0.085371996,0.894880119,0.124587207,0.1951,-0.2554,0.2788,0
September 26 2020,Rmar01_03,post,5,1,35.65300211,87.84102307,0.136,-0.008,1.664096914,5.51360327,1.546095869,0.316,0.09374647,0.705983336,0.129081304,0.2395,-0.2191,0.2385,0
September 26 2020,Rmar01_03,post,6,1,189.2509451,93.4899367,0.124,-0.008,1.714195362,5.667011783,1.51945321,0.332,0.114916678,0.779351297,0.129331308,0.2308,NaN,NaN,0
September 26 2020,Rmar01_03,post,7,1,150.3415552,106.2306196,0.14,-0.012,2.166496165,7.082018581,1.831386524,0.336,0.121248607,0.849888567,0.157632896,0.2179,-0.2811,0.299,0
September 26 2020,Rmar01_03,post,8,1,68.46286919,65.14125503,0.116,-0.052,3.223213805,6.848947736,2.098359375,0.328,0.044695836,0.846939963,0.109421467,0.2135,-0.2236,0.2476,0
September 26 2020,Rmar01_03,post,9,1,187.2837636,75.33798125,0.092,-0.096,3.190992537,6.590285951,4.667193378,0.308,0.085499986,0.865363817,0.121793174,0.1999,-0.2501,0.2781,0
September 26 2020,Rmar01_03,post,10,1,195.2742281,81.51256994,0.092,-0.076,2.662778524,6.391376025,4.373459237,0.312,0.087635729,0.879390822,0.137182852,0.2436,-0.4077,0.4317,0
September 26 2020,Rmar01_03,post,11,1,410.0479404,87.62578489,-0.024,-0.18,1.56780666,6.950058435,4.002367456,0.208,0.144927608,0.880082752,0.218005199,0.202,-0.0083,0.0991,0
September 26 2020,Rmar01_03,post,12,1,185.539104,81.15117675,0.084,-0.084,2.829951484,8.897818175,4.644806972,0.348,0.08406258,0.799621422,0.124113217,0.2255,-0.0352,0.0506,0
September 26 2020,Rmar01_03,post,13,1,161.3338726,96.86883034,0.112,-0.044,2.287519707,7.109414645,3.204601973,0.36,0.124820511,0.957931192,0.169333482,0.2301,-0.1687,0.2003,0
September 26 2020,Rmar02_02,post,1,2,174.9902011,75.12758035,0.048,-0.128,4.253788876,8.708285072,7.247257366,0.3,0.10463868,0.895638651,0.116010339,0.1376,-0.1466,0.2106,0
September 26 2020,Rmar02_02,post,2,2,118.1128276,94.60585204,0.168,-0.012,2.125042506,9.173139669,8.453307532,0.348,0.10902148,0.729350422,0.088473398,0.1817,-0.2809,0.3089,0
September 26 2020,Rmar02_03,post,1,2,87.31107249,83.1871052,0.14,-0.016,2.045763281,10.59636738,10.3283563,0.22,0.094846195,0.820919067,0.133222677,0.2199,-0.2291,0.2891,0
September 26 2020,Rmar02_03,post,2,2,262.7978975,74.04473737,0.06,-0.112,1.597464273,9.123017592,9.123017592,0.196,0.053170361,0.421095069,0.058883807,0.1336,-0.1608,0.2203,0
September 26 2020,Rmar02_03,post,3,2,492.4932314,95.18412501,0.084,-0.056,2.702311739,7.512331133,2.823074637,0.32,0.071467589,1.005977725,0.130587377,0.1955,-0.202,0.218,0
September 26 2020,Rmar02_03,post,4,2,155.948104,80.52086186,0.144,-0.056,3.054574368,10.3524248,7.20411056,0.368,0.105397767,0.678458742,0.136541818,0.1856,-0.2144,0.2784,0
September 26 2020,Rmar02_03,post,5,2,208.3158512,76.17216518,0.076,-0.16,3.097396016,10.53612235,10.53612235,0.332,0.11172092,0.521221996,0.071206558,0.1374,-0.156,0.216,0
September 26 2020,Rmar02_03,post,6,2,46.76308458,72.1955736,0.148,-0.008,3.443149887,9.425335615,9.114621227,0.2,0.110246886,0.762881774,0.147878746,0.21,-0.1761,0.2637,0
September 26 2020,Rmar02_03,post,7,2,156.9612778,78.63865186,0.072,-0.136,2.097635414,9.60294176,9.60294176,0.332,0.117893415,0.370348237,0.056487309,0.1512,-0.1802,0.2322,0
September 26 2020,Rmar02_03,post,8,2,315.3682764,84.31709332,0.072,-0.136,2.242020041,10.28040985,9.809126843,0.396,0.12584151,0.795709872,0.083742436,0.2074,-0.2535,0.2935,0
September 26 2020,Rmar02_03,post,9,2,111.454751,102.5892969,0.112,-0.008,3.051176918,9.867246178,5.318714647,0.2,0.100255305,0.832073965,0.168333875,0.2236,-0.189,0.2443,0
September 26 2020,Rmar02_03,post,10,2,149.7334049,91.16588993,0.068,-0.052,2.161501471,5.540297396,0.031180265,0.224,0.08581155,0.715466167,0.105425879,0.2309,-0.2461,0.2487,0
September 26 2020,Rmar02_03,post,11,2,145.8214216,118.2441104,0.14,-0.016,2.194004856,8.403646172,3.710317991,0.384,0.093048786,1.192805468,0.226322426,0.2054,-0.3111,0.3671,0
September 26 2020,Rmar04_02,post,1,4,326.8781456,85.51764578,-0.008,-0.116,2.057651861,4.731336928,0.997215092,0.284,0.125429883,0.607095736,0.117912594,NaN,-0.3591,0.3773,0
September 26 2020,Rmar04_02,post,2,4,170.8170056,90.36409418,-0.024,-0.128,1.776932204,6.026683524,3.015426768,0.296,0.077998183,0.707885444,0.024092943,NaN,NaN,NaN,1
September 26 2020,Rmar04_02,post,3,4,113.59187,94.67764672,0.068,-0.032,1.448702232,9.490549712,9.490549712,0.332,0.006694324,0.764125286,0.023018603,NaN,NaN,NaN,1
September 26 2020,Rmar04_02,post,4,4,112.8561526,74.77345338,0.096,-0.012,2.224274164,6.731026209,3.806971453,0.264,0.080587957,0.618040151,0.044393876,NaN,NaN,NaN,1
September 26 2020,Rmar04_02,post,5,4,132.0705129,77.28867365,-0.236,-0.368,1.694620358,4.990213794,3.111858154,0.276,0.000613209,0.732922331,0.056345836,NaN,NaN,NaN,1
September 26 2020,Rmar04_03,post,1,4,16.80503065,69.1411582,0.1,-0.008,3.129622951,5.624201315,3.191098892,0.264,0.030497971,0.725339745,0.1017668,0.1886,-0.2895,0.3295,0
September 26 2020,Rmar06_02,post,1,6,188.3977384,69.73626252,0.052,-0.144,3.042743417,8.671721865,4.472899752,0.312,0.10302583,0.535316507,0.068132008,0.1285,-0.2078,0.2345,0
September 26 2020,Rmar06_02,post,2,6,541.7365388,99.56029114,-0.028,-0.172,2.108593946,7.451317752,1.840055189,0.372,0.066318402,0.934206008,0.143236673,0.236,-0.3182,0.3278,0
September 26 2020,Rmar06_02,post,3,6,211.0723424,68.04941144,0.044,-0.096,3.876196081,9.292347776,7.198114087,0.184,0.105860667,0.534115597,0.037625067,0.1516,-0.1738,0.2159,0
September 26 2020,Rmar06_02,post,4,6,211.3338072,72.1972003,0.024,-0.14,4.184762165,8.324326236,2.88849948,0.272,2.91E-05,0.684504753,0.08365908,0.1374,-0.1981,0.2341,0
September 26 2020,Rmar06_03,post,1,6,561.0079255,51.63510341,0.156,-0.036,NaN,NaN,NaN,NaN,0.046964741,0.494304349,0.045483176,NaN,-0.1967,0.2076,0
September 26 2020,Rmar06_03,post,2,6,258.5910776,69.26367182,0.08,-0.032,NaN,NaN,NaN,NaN,0.0059019,0.918607765,0.100028823,NaN,NaN,NaN,0
September 26 2020,Rmar06_03,post,3,6,268.7328882,74.69842545,0.04,-0.132,NaN,NaN,NaN,NaN,0.082511571,0.494706648,0.080811996,NaN,NaN,NaN,0
September 26 2020,Rmar07_02,post,1,7,234.3516999,50.21782211,0.1,-0.056,2.967251557,5.561149771,4.823096749,0.112,0.059977663,0.518357253,0.058957433,NaN,NaN,NaN,0
September 26 2020,Rmar07_02,post,2,7,240.7558691,63.00090597,0.02,-0.064,0.84863111,4.996665847,4.763384108,0.264,0.028603913,0.988506873,0.107431916,NaN,NaN,NaN,0
September 26 2020,Rmar07_02,post,3,7,124.6500205,51.05350255,0.104,-0.008,2.947203205,7.460414089,4.059407552,0.104,0.036887429,0.778088812,0.076273751,NaN,NaN,NaN,0
September 26 2020,Rmar07_02,post,4,7,97.19975632,58.37593547,0.096,-0.024,1.706452779,6.150212391,3.527933978,0.18,0.009536997,0.694771084,0.083705715,NaN,NaN,NaN,0
September 26 2020,Rmar07_02,post,5,7,195.9982152,57.61986678,-0.016,-0.096,0.968478578,1.921396495,0.768724668,0.148,0.094434261,0.474259646,0.072740996,NaN,NaN,NaN,0
September 26 2020,Rmar07_03,post,1,7,115.2899053,48.49433033,0.104,-0.024,0.500582024,1.416000125,-2.251342013,0.248,0.111494774,0.622106399,0.036153436,NaN,NaN,NaN,0
September 26 2020,Rmar07_03,post,2,7,308.2869081,50.04673975,0.128,-0.008,1.690631408,4.907669303,4.907669303,0.136,0.079402397,0.364870571,0.052007809,NaN,NaN,NaN,0
September 26 2020,Rmar07_03,post,3,7,154.5768134,47.46318354,0.032,-0.052,1.166330516,3.880689183,1.245896508,0.18,0.057929898,0.819308187,0.074688501,NaN,NaN,NaN,0
September 26 2020,Rmar09_02,post,1,9,190.5850476,50.33667605,0.064,-0.072,1.572585795,6.327856999,2.57334583,0.32,0.042712929,1.072287264,0.122323473,0.209,NaN,NaN,0
September 26 2020,Rmar09_02,post,2,9,269.1740073,36.55069181,-0.008,-0.204,2.285541666,6.938409487,1.452625757,0.348,0.048745109,0.757271283,0.065142724,0.1734,NaN,NaN,0
September 26 2020,Rmar09_02,post,3,9,156.036745,57.01806861,0.088,-0.036,3.184897963,6.180552715,0.821002269,0.164,0.072275988,0.907912554,0.140543076,0.1634,-0.0986,0.1306,0
September 26 2020,Rmar09_02,post,4,9,494.7870597,52.74884687,0.108,-0.048,5.075123797,8.633893956,3.49062903,0.26,0.005027239,0.962385,0.133882334,0.1285,-0.144,0.2,0
September 26 2020,Rmar09_02,post,5,9,374.5414526,68.5176697,0.116,-0.04,3.719239241,7.402041718,3.613065492,0.316,0.114883568,0.987128186,0.181212201,0.1691,-0.2873,0.3393,0
September 26 2020,Rmar09_02,post,6,9,254.4837296,50.09518551,0.016,-0.204,3.195192018,7.065363305,1.982441401,0.388,0.064878801,0.87802405,0.103269139,0.2012,-0.2451,0.2731,0
September 26 2020,Rmar09_02,post,7,9,442.4212549,58.04681719,0.064,-0.072,2.843445591,6.828553179,2.622914131,0.204,0.097376099,0.861805611,0.132267973,0.1908,NaN,NaN,0
September 26 2020,Rmar09_02,post,8,9,482.4871625,55.00610343,0.088,-0.056,4.206200446,8.062498935,2.897640503,0.148,0.061883094,1.057552743,0.141459436,0.1546,-0.1374,0.1694,0
September 26 2020,Rmar09_02,post,9,9,285.8945256,44.23782323,0.048,-0.136,3.178152361,6.998600674,-0.043130414,0.336,0.081409621,0.68179841,0.086562602,0.1462,NaN,NaN,0
September 26 2020,Rmar09_03,post,1,9,266.4634283,50.42373184,0.04,-0.14,1.75153025,7.551422252,5.538583552,0.24,0.101764615,0.817178976,0.170527533,NaN,-0.1559,0.2279,0
September 26 2020,Rmar09_03,post,2,9,121.6580927,66.02272126,0.1,-0.04,0.267252409,5.97716791,4.417210501,0.392,0.038163558,1.077129579,0.187852879,NaN,-0.316,0.3286,0
September 26 2020,Rmar09_03,post,3,9,386.5783298,51.18523896,0.076,-0.068,2.265973977,5.454348194,1.53720818,0.316,0.057510282,0.796824767,0.12591184,NaN,-0.1952,0.2085,0
September 26 2020,Rmar09_03,post,4,9,447.0822792,35.67071579,0.048,-0.12,3.738684981,8.207496991,3.508474237,0.304,0.080887662,0.62101712,0.073676715,NaN,-0.2103,0.2423,0
September 26 2020,Rmar09_03,post,5,9,246.3085809,58.05291521,0.02,-0.024,2.360405924,5.060723015,1.612806635,0.232,0.046566969,0.779946378,0.086595157,NaN,NaN,NaN,1
September 26 2020,Rmar09_03,post,6,9,222.4773721,30.69924144,-0.004,-0.084,1.749311183,5.399927154,2.627541377,0.192,NaN,1.051577689,NaN,NaN,-0.204,0.2182,0
September 26 2020,Rmar15_02,post,1,15,150.7714194,63.08854173,-0.08,-0.144,-0.035123828,0.487520421,-0.733674685,0.2,0.041147392,0.514946155,0.046325198,NaN,NaN,NaN,0
September 26 2020,Rmar15_02,post,2,15,122.3211027,76.5202828,0.076,-0.032,0.739226889,3.311046954,2.672815834,0.392,0.007928305,0.658236753,0.071978298,NaN,NaN,NaN,0
September 26 2020,Rmar15_02,post,3,15,275.0296654,56.86533185,0.02,-0.14,2.373557227,4.501684381,1.019297398,0.312,0.070577981,0.444548249,NaN,NaN,NaN,NaN,0
September 26 2020,Rmar15_02,post,4,15,85.89313831,70.00561693,0.124,-0.008,0.976219831,6.696710584,2.585843903,0.224,0.020806217,1.108398023,0.188611409,NaN,NaN,NaN,0
September 26 2020,Rmar15_02,post,5,15,246.6410757,53.46342178,-0.08,-0.156,0.679249889,2.294661084,-1.97430239,0.192,0.111081089,0.334395543,0.053257311,NaN,NaN,NaN,0
September 26 2020,Rmar15_02,post,6,15,125.3134422,85.78329914,0.104,-0.048,2.631793339,6.806593549,2.84651659,0.172,0.086890478,0.889976177,0.175546332,NaN,NaN,NaN,0
September 26 2020,Rmar15_02,post,7,15,137.4711243,72.48242827,0.044,-0.032,0.682437593,1.949681137,-0.263968185,0.248,0.053972986,0.439275071,0.102608535,NaN,NaN,NaN,0
September 26 2020,Rmar15_02,post,8,15,259.9362592,61.15506959,-0.036,-0.172,1.421460171,5.592772915,2.397511267,0.348,-0.000390395,0.951330261,0.104467907,NaN,NaN,NaN,0
September 26 2020,Rmar15_02,post,9,15,241.4893865,57.44601136,-0.088,-0.172,1.276144676,4.61096361,-1.202702052,0.272,0.110078883,0.493562688,0.100775877,NaN,NaN,NaN,0
September 26 2020,Rmar15_03,post,1,15,261.0073528,53.64472384,0.124,-0.036,2.461917001,10.30868696,10.30868696,0.14,0.094045215,0.37392993,0.0381575,NaN,-0.0919,0.1474,0
September 26 2020,Rmar15_03,post,2,15,93.58864406,50.81122843,0.072,-0.012,2.037206981,4.498114907,0.838545763,0.22,0.106286488,0.535165041,0.072344858,NaN,NaN,NaN,0
September 26 2020,Rmar15_03,post,3,15,161.0486805,41.19052944,0.06,-0.072,2.754458896,7.297177065,7.297177065,0.272,0.094241168,0.303390567,0.04787826,NaN,-0.1736,0.2336,0
September 26 2020,Rmar15_03,post,4,15,164.3270098,43.91538166,0.044,-0.104,2.263169315,6.827653603,3.552273423,0.22,0.105081451,0.504803496,0.067981382,NaN,-0.1635,0.1994,0
September 26 2020,Rmar15_03,post,5,15,183.1537931,83.31460289,0.072,-0.02,0.507704787,3.076467829,-2.034390109,0.372,0.040692256,0.557708266,0.083739132,NaN,NaN,NaN,0
September 26 2020,Rmar15_03,post,6,15,125.6632512,73.52935387,0.056,-0.032,0.69774211,3.954048515,-0.716249201,0.3,0.05522703,0.713517893,0.116740883,NaN,NaN,NaN,0
September 26 2020,Rmar15_03,post,7,15,134.9203457,60.63662859,0.104,-0.008,2.051560208,6.831812418,0.407266266,0.184,0.011989244,0.842755671,0.112115617,NaN,-0.0535,0.0575,0
September 26 2020,Rmar15_03,post,8,15,131.0472519,60.42431653,0.068,-0.028,2.179957649,5.221055828,3.183987812,0.2,0.06355329,0.7873977,0.061700038,NaN,NaN,NaN,0
September 26 2020,Rmar15_03,post,9,15,167.8597339,71.19057417,0.092,-0.072,2.207714248,6.83461084,1.734708021,0.204,0.099243493,0.953387268,0.15420404,NaN,-0.1885,0.1899,0
September 26 2020,Rmar15_03,post,10,15,236.8365179,55.81590929,0.02,-0.1,1.523079881,6.646388016,4.060407277,0.2,0.029629808,0.661139725,0.054852735,NaN,-0.1562,0.1602,0
September 26 2020,Rmar15_03,post,11,15,75.68138584,65.00521376,0.064,-0.044,1.727988771,4.671479727,0.5037211,0.232,0.038604969,0.940613413,0.093527182,NaN,-0.3319,0.3437,0
September 27 2020,Rmar01_04,post,1,1,178.7270294,58.82965117,0.036,-0.012,-0.940614545,1.021220313,-1.738116615,0.104,0.075395551,0.756264714,0.074197245,NaN,NaN,NaN,0
September 27 2020,Rmar01_04,post,2,1,195.883607,75.03414493,0.1,-0.028,2.86680923,6.583123068,3.624486029,0.248,0.083241189,0.875511641,0.14163105,NaN,-0.1109,0.1309,0
September 27 2020,Rmar01_04,post,3,1,56.42665896,72.91032043,0.112,-0.02,2.637030188,6.969540067,1.316863543,0.292,0.080866989,0.869073809,0.162521802,NaN,-0.1971,0.2393,0
September 27 2020,Rmar01_04,post,4,1,70.0276258,68.31447988,0.092,-0.04,2.974201084,8.318040612,4.564125459,0.224,0.070247254,0.789100847,0.127832379,NaN,-0.2174,0.2294,0
September 27 2020,Rmar01_04,post,5,1,285.4027384,99.37368235,0.156,-0.016,3.138613341,7.575897101,2.836116402,0.332,0.110825873,0.905395282,0.16087491,NaN,-0.1841,0.2361,0
September 27 2020,Rmar01_04,post,6,1,114.5488644,90.79250001,0.116,-0.032,2.126445161,5.703561716,1.848248789,0.312,0.074860922,0.919685311,0.164260116,NaN,-0.453,0.493,0
September 27 2020,Rmar01_04,post,7,1,207.0336881,84.01365347,0.108,-0.06,2.245920678,6.41027436,3.515877548,0.324,0.074565694,1.039040785,0.150119632,NaN,-0.2501,0.2781,0
September 27 2020,Rmar01_04,post,8,1,572.5851692,108.1529451,-0.028,-0.184,1.645911773,5.672349315,1.641240565,0.344,0.088753252,0.955020609,0.213468602,NaN,-0.3122,0.3722,0
September 27 2020,Rmar01_04,post,9,1,251.5810303,59.91616101,0.012,-0.136,2.444596927,5.982366255,5.228801109,0.196,0.06549023,0.829817001,0.093160965,NaN,-0.2155,0.2337,0
September 27 2020,Rmar01_04,post,10,1,85.41744716,83.7127758,0.156,-0.028,3.507982304,8.146439582,4.548420303,0.328,0.045903151,1.139233959,0.222629203,NaN,-0.2411,0.3246,0
September 27 2020,Rmar01_04,post,11,1,36.00643892,66.60870541,0.168,-0.012,1.675775502,6.371718356,5.284512617,0.368,0.111962416,1.063117236,0.129389869,NaN,-0.1979,0.2077,0
September 27 2020,Rmar01_04,post,12,1,219.3696619,76.69180254,0.132,-0.016,2.530814785,5.788505357,2.396332283,0.328,0.098016849,0.761476705,0.125163785,NaN,-0.1755,0.1835,0
September 27 2020,Rmar01_04,post,13,1,118.8838181,82.87406285,0.076,-0.048,1.702995202,5.134739523,1.475252205,0.28,0.076186079,0.857270424,0.126729841,NaN,-0.0555,0.0595,0
September 27 2020,Rmar01_04,post,14,1,149.6743591,81.54384058,0.064,-0.072,1.249974167,5.541798459,0.809063331,0.312,0.165349239,0.772667044,0.125360909,NaN,NaN,NaN,0
September 27 2020,Rmar01_04,post,15,1,134.7017471,90.63959857,0.1,-0.036,1.962478791,6.181355557,1.453598647,0.296,0.135705461,0.884538084,0.192859494,NaN,-0.1976,0.2376,0
September 27 2020,Rmar01_04,post,16,1,214.1860421,63.14204982,0.068,-0.036,0.971936805,3.956008775,0.45798116,0.336,0.091756105,0.650202987,0.086791528,NaN,NaN,NaN,0
September 27 2020,Rmar01_04,post,17,1,195.861695,65.1529002,0.004,-0.1,2.796329864,4.709945274,1.16776883,0.2,0.092388894,0.610979405,0.060808801,NaN,-0.2333,0.237,0
September 27 2020,Rmar01_04,post,18,1,210.364812,72.19616322,0.124,-0.044,3.197300729,7.127630607,5.256886703,0.32,0.088233337,0.801170225,0.11093169,NaN,-0.2433,0.2953,0
September 27 2020,Rmar01_04,post,19,1,164.6710412,86.19620047,0.112,-0.012,1.824894183,5.407100187,0.539253664,0.336,0.051371039,0.774577068,0.130389403,NaN,-0.3235,0.3282,0
September 27 2020,Rmar01_04,post,20,1,229.8853124,80.59286097,0.092,-0.036,2.348577579,5.548808811,3.338973904,0.296,0.027032161,0.849892012,0.130015115,NaN,-0.2164,0.2315,0
September 27 2020,Rmar01_05,post,1,1,130.8838314,71.91058672,0.004,-0.028,0.096344308,0.866962535,-1.378129458,0.232,0.053567457,0.471315654,0.06836604,NaN,NaN,NaN,0
September 27 2020,Rmar01_05,post,2,1,408.331774,71.40843374,0,-0.112,3.172013617,8.41887331,3.489851286,0.2,2.70E-05,1.109859248,0.158179659,NaN,-0.3196,0.3584,0
September 27 2020,Rmar01_05,post,3,1,123.2368503,80.98102004,0.14,-0.052,2.91429868,8.318512034,5.629303611,0.336,0.070236116,1.196192599,0.205808823,NaN,-0.1949,0.2829,0
September 27 2020,Rmar01_05,post,4,1,235.3394085,85.54372144,0.136,-0.024,2.443120436,6.892437045,3.83123801,0.288,0.140779765,0.96404062,0.199208141,NaN,-0.2186,0.2826,0
September 27 2020,Rmar01_05,post,5,1,161.5435535,78.42711217,0.148,-0.02,3.49091545,8.79382958,2.982851254,0.324,0.082687533,1.116527214,0.210284948,NaN,-0.2141,0.2861,0
September 27 2020,Rmar01_05,post,6,1,698.7521741,102.8646183,0.016,-0.144,3.570018959,9.020197128,2.257945441,0.332,0.119842848,0.966776909,0.218419129,NaN,NaN,NaN,0
September 27 2020,Rmar01_05,post,7,1,245.0836654,90.84822978,0.14,-0.04,3.194996594,7.973704659,3.02326296,0.324,0.099943614,0.945342406,0.186342589,NaN,-0.1822,0.2462,0
September 27 2020,Rmar01_05,post,8,1,567.1652028,94.84052224,-0.036,-0.16,1.686754427,4.750554418,0.097488092,0.284,0.13975676,0.789992508,0.17750107,NaN,-0.2334,0.2614,0
September 27 2020,Rmar01_05,post,9,1,244.1326517,64.51698984,0.024,-0.104,2.857829217,5.27328469,3.950026111,0.248,0.072768392,0.727513442,0.08936499,NaN,NaN,NaN,0
September 27 2020,Rmar01_05,post,10,1,99.19382508,92.86894047,0.112,-0.036,3.125529581,7.446882552,5.710401831,0.316,0.122477007,0.813020016,0.142095207,NaN,NaN,NaN,0
September 27 2020,Rmar01_05,post,11,1,359.0072477,97.09138438,0.144,-0.04,3.349488481,7.519118232,5.29421248,0.328,0.066530947,0.895839793,0.169218454,NaN,-0.1546,0.2306,0
September 27 2020,Rmar01_05,post,12,1,150.7596949,108.3950537,0.132,-0.012,2.629236933,6.412049991,2.220755668,0.292,0.106305231,0.894371873,0.17584795,NaN,NaN,NaN,0
September 27 2020,Rmar01_05,post,13,1,168.9500491,90.3070164,0.1,-0.06,3.102931127,7.443283781,4.044284984,0.324,0.103980303,1.033309319,0.175696016,NaN,NaN,NaN,0
September 27 2020,Rmar01_05,post,14,1,233.7114709,100.6112527,0.14,-0.012,2.901561477,7.297863481,1.000465998,0.328,0.150728111,0.734388543,0.168971283,NaN,NaN,NaN,0
September 27 2020,Rmar01_05,post,15,1,515.4892897,83.24238606,0.08,-0.06,2.414458872,6.184810436,2.657930527,0.32,0.122592442,0.977098169,0.142410088,NaN,-0.1969,0.2078,0
September 27 2020,Rmar01_05,post,16,1,496.8715424,95.48759993,0,-0.176,2.812494321,7.773644837,4.862529675,0.384,0.112453008,0.894741412,0.198889408,NaN,NaN,NaN,0
September 27 2020,Rmar01_05,post,17,1,137.5850999,90.03182551,0.12,-0.06,3.016069666,7.193745677,4.906086751,0.352,0.092220611,0.878038361,0.128123803,NaN,NaN,NaN,0
September 27 2020,Rmar01_05,post,18,1,218.20055,94.50921958,0.136,-0.012,2.376166129,6.937148054,2.448641507,0.336,0.161727455,0.872976382,0.178751816,NaN,NaN,NaN,0
September 27 2020,Rmar01_05,post,19,1,211.1199074,80.90047782,0.108,-0.044,3.204216062,7.907532651,2.297092854,0.32,0.111648963,1.019915282,0.150455104,NaN,-0.3584,0.3929,0
September 27 2020,Rmar01_05,post,20,1,333.6411791,70.79476063,-0.024,-0.172,2.766238541,6.648318831,1.461272692,0.352,0.161444581,0.743663504,0.110184733,NaN,NaN,NaN,0
September 27 2020,Rmar02_04,post,1,2,162.8349769,53.11279214,0.1,-0.072,3.445634824,11.83460922,11.22688486,0.184,0.085016721,0.704804366,0.088777547,NaN,NaN,NaN,0
September 27 2020,Rmar02_04,post,2,2,247.167622,87.56662596,0.052,-0.116,3.387704239,10.92638837,10.19431773,0.184,0.130192691,0.612287386,0.059915992,NaN,-0.1786,0.2226,0
September 27 2020,Rmar02_04,post,3,2,102.0522082,76.04869604,0.128,-0.048,3.027561679,9.255820308,8.32526419,0.344,0.118860956,0.642149702,0.089230912,NaN,-0.2963,0.3403,0
September 27 2020,Rmar02_04,post,4,2,144.7315214,81.41131193,0.132,-0.064,2.798696066,8.355736265,7.379247962,0.34,0.116799079,0.749565855,0.104362814,NaN,-0.2121,0.2481,0
September 27 2020,Rmar02_04,post,5,2,98.28966325,84.10207003,0.14,-0.008,2.230295827,6.185830597,2.72430043,0.336,0.113965319,0.931678603,0.163411824,NaN,-0.205,0.273,0
September 27 2020,Rmar02_04,post,6,2,229.5950575,75.69755859,0.12,-0.04,2.800863183,8.494780735,7.488559542,0.22,0.060473706,0.767552768,0.116379634,NaN,-0.0403,0.0881,0
September 27 2020,Rmar02_04,post,7,2,207.2234372,90.33383325,0.176,-0.016,3.11540305,9.563331508,9.563331508,0.336,0.094086491,0.710439903,0.102836696,NaN,-0.197,0.252,0
September 27 2020,Rmar02_04,post,8,2,118.9822198,92.3806346,0.16,-0.016,2.651120319,8.424502834,4.672209337,0.392,0.103105642,0.891958811,0.124929794,NaN,-0.2451,0.2731,0
September 27 2020,Rmar02_04,post,9,2,70.95453056,99.27995205,0.112,-0.036,2.311269355,7.464467469,5.178931365,0.252,0.149054846,0.807761876,0.130423108,NaN,-0.2567,0.2807,0
September 27 2020,Rmar02_04,post,10,2,134.0279761,87.91432877,0.136,-0.016,2.965289245,8.160781414,3.950407389,0.356,0.086469102,0.91952979,0.138638041,NaN,-0.2473,0.2793,0
September 27 2020,Rmar02_04,post,11,2,104.3761605,82.36089513,0.12,-0.056,2.802251221,7.69444877,5.075025267,0.38,0.132195718,0.691769991,0.088901201,NaN,-0.2399,0.2708,0
September 27 2020,Rmar02_04,post,12,2,171.7298502,105.7725534,0.144,-0.04,3.065497178,8.910904973,4.074942982,0.4,0.108572673,0.923632766,0.174553262,NaN,-0.2362,0.275,0
September 27 2020,Rmar02_04,post,13,2,91.47174266,94.88289938,0.124,-0.048,2.893780816,8.195419956,5.562877406,0.388,0.127488746,0.867933477,0.140578795,NaN,-0.3731,0.4131,0
September 27 2020,Rmar02_04,post,14,2,238.359021,76.8335826,0.172,-0.016,2.182660901,11.22551657,11.00554735,0.42,0.14289437,0.799693639,0.134013921,NaN,-0.2415,0.2975,0
September 27 2020,Rmar02_04,post,15,2,65.11413861,98.12993615,0.152,-0.012,3.480240813,8.401106915,2.846913467,0.332,0.104807505,0.894574724,0.158285033,NaN,-0.204,0.26,0
September 27 2020,Rmar02_04,post,16,2,164.3027379,93.33234384,0.144,-0.032,3.256018078,7.227141138,4.05480084,0.364,0.13829297,0.831722806,0.135767205,NaN,-0.242,0.29,0
September 27 2020,Rmar02_04,post,17,2,289.5966101,108.1355574,0.112,-0.02,2.572901433,6.318529284,1.487160605,0.236,0.069963934,0.750426688,0.116523037,NaN,-0.2769,0.2849,0
September 27 2020,Rmar02_04,post,18,2,122.8893976,104.8163189,0.128,-0.028,2.674008737,7.479624794,3.297039751,0.228,0.106398372,0.63810786,0.135725922,NaN,-0.2179,0.252,0
September 27 2020,Rmar02_05,post,1,2,180.4050118,82.97931501,0.116,-0.028,3.246569625,8.617476381,7.56887814,0.192,0.119369424,0.704637648,0.114141784,NaN,-0.1389,0.1739,0
September 27 2020,Rmar02_05,post,2,2,263.4928684,78.14103541,0.196,-0.052,2.90778307,10.23666747,10.23666747,0.376,0.118539415,0.799062668,0.157566123,NaN,-0.1624,0.2784,0
September 27 2020,Rmar02_05,post,3,2,185.8941858,112.1484505,0.128,-0.032,2.831482124,6.334531349,1.406119107,0.36,0.107088663,0.824150979,0.136879253,NaN,-0.2439,0.2571,0
September 27 2020,Rmar02_05,post,4,2,263.7856715,55.6643011,0.192,-0.012,3.618510088,10.13403094,10.13403094,0.336,0.114992247,0.668564664,0.094423188,NaN,-0.168,0.24,0
September 27 2020,Rmar02_05,post,5,2,269.4534317,68.68719529,0.004,-0.176,2.981590702,6.90389344,2.424291014,0.388,0.107167165,0.79281869,0.084508228,NaN,-0.308,0.344,0
September 27 2020,Rmar02_05,post,6,2,170.6033629,73.95704635,0.04,-0.14,3.415626525,11.38360065,10.13222337,0.312,0.138975349,0.568189018,0.08831012,NaN,-0.1671,0.2191,0
September 27 2020,Rmar02_05,post,7,2,293.078853,82.20305549,0.12,-0.096,3.275914952,9.990854894,8.822285629,0.36,0.108694637,0.700823709,0.103786118,NaN,-0.1883,0.2323,0
September 27 2020,Rmar02_05,post,8,2,223.3897282,76.97304756,0.136,-0.052,2.471171893,8.736109723,8.602782728,0.376,0.119833134,0.699790723,0.107940337,NaN,-0.1727,0.2487,0
September 27 2020,Rmar02_05,post,9,2,92.94027848,75.00023588,0.172,-0.024,2.055477898,7.949997603,6.168807993,0.4,0.130398519,0.95754569,0.176773008,NaN,-0.2643,0.3563,0
September 27 2020,Rmar02_05,post,10,2,207.5969839,76.9720385,0.104,-0.08,2.517531084,7.905918529,6.166764516,0.404,0.120532287,0.918489953,0.115134419,NaN,-0.2793,0.3048,0
September 27 2020,Rmar02_05,post,11,2,225.5040792,81.46248458,0.084,-0.064,3.06893757,10.25323142,6.36094934,0.228,0.118890787,0.630092137,0.09330337,NaN,-0.2584,0.2744,0
September 27 2020,Rmar02_05,post,12,2,191.7203216,89.57291583,0.132,-0.056,3.404253631,9.74576426,8.050073258,0.356,0.129243491,0.641773956,0.113158918,NaN,-0.2343,0.2715,0
September 27 2020,Rmar02_05,post,13,2,77.11357937,84.48797001,0.112,-0.072,2.686796919,8.831105753,7.614454127,0.344,0.086555737,0.747038211,0.092416065,NaN,-0.2844,0.3244,0
September 27 2020,Rmar02_05,post,14,2,112.0404265,87.71403247,0.108,-0.064,3.082969546,8.137977224,4.255523795,0.368,0.082796185,0.75721689,0.096236537,NaN,-0.2295,0.2533,0
September 27 2020,Rmar02_05,post,15,2,122.568871,102.9540622,0.092,-0.08,3.190177488,7.356277459,2.117835845,0.22,0.098750293,0.817366218,0.111024325,NaN,-0.2514,0.2594,0
September 27 2020,Rmar02_05,post,16,2,62.73291403,96.67568306,0.188,-0.02,2.711144421,7.563512185,5.189924047,0.388,0.10297805,0.895554116,0.146568439,NaN,-0.2567,0.285,0
September 27 2020,Rmar02_05,post,17,2,66.81112722,93.82482335,0.108,-0.04,2.335562384,6.965640974,2.956933215,0.38,0.093943392,0.886031213,0.136819588,NaN,-0.2628,0.281,0
September 27 2020,Rmar04_04,post,1,4,362.1335621,54.59747992,0.04,-0.064,1.614419535,7.037409269,7.037409269,0.304,0.089772355,0.757284627,0.086724072,NaN,NaN,NaN,0
September 27 2020,Rmar04_04,post,2,4,215.5855206,57.68049848,-0.04,-0.112,1.893329784,4.792546708,1.005215105,0.384,0.025660355,0.598018542,0.075846469,NaN,NaN,NaN,0
September 27 2020,Rmar04_04,post,3,4,135.2796286,53.03814173,0.02,-0.1,2.674601632,5.113102453,3.149308473,0.256,0.091560516,0.537219235,0.076353942,NaN,NaN,NaN,0
September 27 2020,Rmar04_04,post,4,4,54.51059657,76.35870117,0.108,-0.008,2.801150928,5.364824787,2.127750874,0.228,0.043450547,0.845636516,0.078352744,NaN,NaN,NaN,0
September 27 2020,Rmar04_04,post,5,4,315.9305796,46.14660535,-0.036,-0.08,1.09840746,3.553155221,1.282372092,0.34,0.091312127,0.673672954,0.156093163,NaN,NaN,NaN,0
September 27 2020,Rmar04_04,post,6,4,211.451558,61.39756021,-0.256,-0.324,2.224123211,6.479110399,6.156725731,0.296,0.057081176,0.824212658,0.025189166,NaN,NaN,NaN,1
September 27 2020,Rmar04_04,post,7,4,158.7825248,89.19806156,-0.212,-0.344,2.626316175,6.17032827,3.403954537,0.24,0.008508936,0.789550252,0.036362467,NaN,NaN,NaN,1
September 27 2020,Rmar04_04,post,8,4,389.3488018,92.36817331,0.052,-0.052,2.284115879,4.332574029,2.764909643,0.316,0.113374844,0.746737396,0.070816555,NaN,NaN,NaN,0
September 27 2020,Rmar04_05,post,1,4,380.4810479,91.54609215,0.052,-0.056,1.664935509,5.191860603,4.367734791,0.336,0.03723016,0.893456153,0.03749171,NaN,NaN,NaN,1
September 27 2020,Rmar04_05,post,2,4,55.63991955,87.54005775,0.06,-0.088,1.73078837,6.066643197,4.148528241,0.316,0.071521782,0.753132226,0.030069565,NaN,NaN,NaN,1
September 27 2020,Rmar04_05,post,3,4,191.8307023,74.40848417,0.052,-0.008,1.391341173,5.760622762,5.544187268,0.424,-0.000760167,0.793358648,0.042242451,NaN,NaN,NaN,1
September 27 2020,Rmar04_05,post,4,4,333.2111152,75.51247963,0.06,-0.048,1.276664175,3.589799871,1.811976983,0.324,0.06222807,0.938703087,0.135266034,NaN,NaN,NaN,0
September 27 2020,Rmar04_05,post,5,4,196.1503622,81.55615783,-0.244,-0.34,2.052085024,6.294158532,6.294158532,0.292,0.089784277,0.747348347,0.055556436,NaN,NaN,NaN,1
September 27 2020,Rmar06_04,post,1,6,170.9266064,69.96035605,0.176,-0.012,2.830978877,8.020618815,3.936099596,0.384,0.000387911,0.996933094,0.125851596,NaN,-0.3218,0.3846,0
September 27 2020,Rmar06_04,post,2,6,41.11594576,94.75776609,0.124,-0.012,3.421454309,7.924244443,1.814302008,0.204,0.07583207,0.961318388,0.168209126,NaN,-0.2481,0.32,0
September 27 2020,Rmar06_04,post,3,6,50.72627344,93.84216229,0.148,-0.008,2.128481152,6.028456039,3.28127542,0.256,0.082583472,1.054557519,0.151929677,NaN,-0.2452,0.2692,0
September 27 2020,Rmar06_04,post,4,6,63.20410024,92.13305542,0.188,-0.016,3.72904812,8.142914088,4.693354913,0.332,0.07084711,1.134767472,0.183546382,NaN,-0.1921,0.2503,0
September 27 2020,Rmar06_04,post,5,6,28.36506646,80.47526315,0.204,-0.008,2.564771617,7.110473574,2.414907223,0.404,0.046592788,0.953438086,0.118238751,NaN,-0.5078,0.538,0
September 27 2020,Rmar06_04,post,6,6,420.3260365,81.27075933,0.028,-0.108,2.033907222,6.65284771,6.360304446,0.272,0.051142418,0.990934238,0.149280007,NaN,-0.2933,0.3601,0
September 27 2020,Rmar06_05,post,1,6,251.7875527,70.4552329,0.008,-0.196,3.547205222,8.063445137,6.01493083,0.196,0.079874652,0.859718195,0.078882247,NaN,-0.3214,0.3412,0
September 27 2020,Rmar06_05,post,2,6,158.9642768,79.26419351,0.06,-0.092,2.96207032,5.583753294,1.673149469,0.34,0.087411906,0.638130223,0.098648981,NaN,NaN,NaN,0
September 27 2020,Rmar06_05,post,3,6,120.3962114,95.64026502,0.144,-0.032,2.881456679,5.132032818,-0.150833482,0.376,0.083516193,0.589149841,0.08761084,NaN,NaN,NaN,0
September 27 2020,Rmar06_05,post,4,6,115.9193054,79.12957571,0.128,-0.08,2.865445727,5.737746692,1.15886089,0.396,0.063700211,0.815594146,0.101638777,NaN,NaN,NaN,0
September 27 2020,Rmar06_05,post,5,6,50.99878714,90.58879839,0.16,-0.04,2.418194885,6.740089697,6.008460944,0.388,0.068012536,0.794313281,0.116280085,NaN,-0.2851,0.3011,0
September 27 2020,Rmar06_05,post,6,6,34.57522973,71.33377856,0.14,-0.008,3.477870132,7.517563513,6.421476605,0.18,0.100510015,0.527691334,0.080668556,NaN,-0.2363,0.2643,0
September 27 2020,Rmar06_05,post,7,6,133.5941525,77.6591102,0.096,-0.088,2.615589405,7.694784929,7.288118309,0.216,0.089651817,0.600560684,0.086552192,NaN,-0.3822,0.3925,0
September 27 2020,Rmar06_05,post,8,6,230.7183602,68.14888679,0.036,-0.112,2.908237255,9.011475925,5.477326101,0.212,0.087234007,0.589052424,0.040200079,NaN,-0.2397,0.2636,0
September 27 2020,Rmar06_05,post,9,6,163.7906308,83.40476765,0.088,-0.116,2.324178529,5.876533259,0.587545513,0.376,0.073770031,0.881950976,0.097156276,NaN,-0.2427,0.2439,0
September 27 2020,Rmar06_05,post,10,6,331.76661,97.90484556,-0.032,-0.156,1.553403496,4.578593306,0.960052723,0.212,0.072689728,0.892317387,0.159454899,NaN,-0.2401,0.2823,0
September 27 2020,Rmar06_05,post,11,6,219.7612446,70.90110545,0.072,-0.136,1.585523232,7.560946105,7.560946105,0.212,0.105460023,0.396677374,0.044645827,NaN,-0.225,0.293,0
September 27 2020,Rmar06_05,post,12,6,118.8822888,59.87903473,0.168,-0.084,3.378537674,10.17629916,6.360556739,0.432,0.055409379,0.928529906,0.106408857,NaN,-0.21,0.2857,0
September 27 2020,Rmar07_04,post,1,7,372.0399684,47.44160669,0.056,-0.06,0.739636821,1.982453613,1.187474588,0.128,0.056702581,0.963332984,0.084071442,NaN,NaN,NaN,0
September 27 2020,Rmar07_04,post,2,7,345.2431073,80.35820465,0.044,-0.132,4.062221021,10.6792009,5.68216822,0.276,0.101871736,1.003774318,0.20565765,NaN,NaN,NaN,0
September 27 2020,Rmar07_04,post,3,7,329.7412983,47.70552867,0.064,-0.092,3.228815615,8.609363534,4.78935321,0.22,0.084761006,0.774077272,0.076695392,NaN,NaN,NaN,0
September 27 2020,Rmar07_04,post,4,7,471.5642877,46.12621026,0.06,-0.012,0.762961358,2.65431441,1.54136537,0.212,0.00905747,0.991784352,0.088249556,NaN,NaN,NaN,0
September 27 2020,Rmar07_04,post,5,7,348.1001462,53.69168001,0.008,-0.108,0.103210112,3.158903662,3.158903662,0.316,-3.93E-05,0.802925726,0.095219885,NaN,NaN,NaN,0
September 27 2020,Rmar07_05,post,1,7,194.1638222,41.70806895,0.256,-0.016,4.116636957,10.97111748,9.151469335,0.38,0.169889205,0.664611459,0.095503247,NaN,NaN,NaN,0
September 27 2020,Rmar07_05,post,2,7,175.8699324,49.10300742,0.044,-0.12,3.298713002,8.821460276,7.428207911,0.28,0.103083573,0.615739055,0.044921596,NaN,NaN,NaN,0
September 27 2020,Rmar07_05,post,3,7,237.2598943,56.15841607,0.076,-0.04,1.022069906,4.47271387,2.115328986,0.3,0.070113733,0.87451174,0.110916242,NaN,NaN,NaN,0
September 27 2020,Rmar07_05,post,4,7,224.4066715,48.44724061,0.112,-0.032,2.352233967,7.237472612,7.237472612,0.164,0.119319513,0.438050052,0.047850543,NaN,NaN,NaN,0
September 27 2020,Rmar07_05,post,5,7,97.73032079,57.18884149,0.088,-0.016,0.715153209,5.592158333,1.171660888,0.208,0.053010637,0.968110543,0.15592373,NaN,NaN,NaN,0
September 27 2020,Rmar07_05,post,6,7,324.7690979,56.19077227,0.06,-0.064,2.241411943,7.356657768,5.132150754,0.22,0.121596613,0.745995488,0.089977051,NaN,NaN,NaN,0
September 27 2020,Rmar07_05,post,7,7,108.5831457,41.64943679,0.064,-0.008,1.842088744,4.038925262,2.060503772,0.152,0.075157845,0.74314978,0.064918627,NaN,NaN,NaN,0
September 27 2020,Rmar07_05,post,8,7,167.1925829,56.26225388,0.072,-0.012,1.931477132,4.842443716,1.597984499,0.176,0.123268152,0.616968736,0.071150219,NaN,NaN,NaN,0
September 27 2020,Rmar15_04,post,1,15,375.2167967,73.42954692,0.052,-0.064,2.126388027,4.532103238,-0.102376694,0.288,0.133110272,0.69192895,0.106024258,NaN,NaN,NaN,0
September 27 2020,Rmar15_04,post,2,15,214.5165444,76.51712742,0.056,-0.032,1.245917816,3.266058877,-1.212151381,0.296,0.078823446,0.667011233,0.072448319,NaN,NaN,NaN,0
September 27 2020,Rmar15_04,post,3,15,448.0228029,78.55142881,-0.04,-0.14,0.783312326,4.276439782,-0.63437904,0.368,0.096150049,0.740677992,0.11733727,NaN,NaN,NaN,0
September 27 2020,Rmar15_04,post,4,15,204.8673977,93.9044428,0.1,-0.04,2.236458089,6.686256407,1.235257657,0.232,0.133884007,0.868633673,0.140568725,NaN,NaN,NaN,0
September 27 2020,Rmar15_04,post,5,15,249.7418689,92.64863236,0.1,-0.044,1.933839147,6.317536777,1.419785963,0.372,0.10259965,0.916762285,0.18212323,NaN,NaN,NaN,0
September 27 2020,Rmar15_04,post,6,15,238.3416023,65.75063936,0.076,-0.072,2.38347675,6.154475853,1.205316729,0.196,0.102527933,0.874913291,0.146495021,NaN,NaN,NaN,0
September 27 2020,Rmar15_04,post,7,15,201.4030953,56.5627064,0.012,-0.048,0.900730756,2.454177742,-1.500211379,0.268,0.118270282,0.410320266,0.108503791,NaN,NaN,NaN,0
September 27 2020,Rmar15_04,post,8,15,177.4319026,69.58893452,0.084,-0.044,1.572953518,5.720078312,1.12242871,0.204,0.118998938,0.746741094,0.115330872,NaN,NaN,NaN,0
September 27 2020,Rmar15_05,post,1,15,305.9146923,40.39450394,0.044,-0.088,2.902823445,10.45430055,10.45430055,0.144,0.102493209,0.450600004,0.021432095,NaN,NaN,NaN,0
September 27 2020,Rmar15_05,post,2,15,300.7312824,48.64353336,0.052,-0.104,4.187508116,8.183844161,4.497953497,0.132,0.125209913,0.621094425,0.095155143,NaN,NaN,NaN,0
September 27 2020,Rmar15_05,post,3,15,148.068794,69.12394144,0.068,-0.036,2.218347806,5.945458176,0.749591998,0.192,0.170448704,0.784170436,0.103368026,NaN,NaN,NaN,0
September 27 2020,Rmar15_05,post,4,15,184.74561,67.63407582,0.068,-0.052,2.640445177,7.717499886,4.331742195,0.192,0.138368559,0.421063968,0.079523571,NaN,NaN,NaN,0
September 27 2020,Rmar15_05,post,5,15,711.9336785,103.9793793,-0.044,-0.128,2.226603051,4.842627833,0.388419353,0.196,0.100561792,0.703895627,0.153742219,NaN,NaN,NaN,0
September 27 2020,Rmar15_05,post,6,15,140.5647801,63.9172605,0.072,-0.032,4.01174744,8.095789326,0.665734891,0.228,0.136403418,0.575350157,0.071223099,NaN,NaN,NaN,0
September 27 2020,Rmar15_05,post,7,15,283.4144296,51.99474748,0.032,-0.032,1.742429615,4.190052451,-1.587746424,0.164,0.123690038,0.162639932,0.069960639,NaN,NaN,NaN,0
September 27 2020,Rmar15_05,post,8,15,492.631189,43.79630606,0.044,-0.088,4.458033365,8.059477383,4.616536198,0.144,6.85E-05,0.836218827,0.09886605,NaN,NaN,NaN,0
September 27 2020,Rmar15_05,post,9,15,190.0264655,60.81272328,0.004,-0.116,2.816556911,7.627918535,3.819057564,0.18,0.102152426,0.634772253,0.120336514,NaN,NaN,NaN,0
September 27 2020,Rmar15_05,post,10,15,53.06321574,62.09578434,0.116,-0.028,2.928084284,9.408402023,9.090625629,0.16,0.089047116,0.59364085,0.062909336,NaN,NaN,NaN,0
September 27 2020,Rmar15_05,post,11,15,126.1889653,62.90735489,0.032,-0.084,2.844339817,6.272846999,2.490377677,0.168,0.114060319,0.438584944,0.028046946,NaN,NaN,NaN,0
September 27 2020,Rmar15_05,post,12,15,350.5828373,65.66550698,0.064,-0.072,4.355327208,8.349590376,2.321475273,0.148,0.137077012,0.688940361,0.085115842,NaN,NaN,NaN,0
September 27 2020,Rmar15_05,post,13,15,522.8533022,51.65085814,0.008,-0.092,2.963349176,8.963048736,0.874111636,0.196,0.141030805,0.647930468,0.068768844,NaN,NaN,NaN,0
